3.83,-0.52,1.82,-10.26,0.86,0.20
4.19,-0.67,1.82,-10.30,0.86,0.26
4.42,-0.74,1.98,-10.33,0.85,0.34
4.67,-0.77,2.14,-10.37,0.84,0.43
5.00,-0.67,2.32,-10.43,0.85,0.56
5.29,-0.53,2.43,-10.48,0.83,0.66
5.66,-0.37,2.55,-10.54,0.82,0.77
5.96,-0.22,2.67,-10.59,0.82,0.89
6.37,-0.05,2.72,-10.68,0.80,1.06
6.55,0.06,2.79,-10.74,0.78,1.20
6.68,0.13,2.87,-10.81,0.75,1.35
6.76,0.11,3.02,-10.88,0.69,1.52
6.69,0.25,3.21,-10.99,0.60,1.77
6.95,-0.15,3.53,-11.06,0.52,1.97
7.14,-0.59,3.76,-11.15,0.45,2.18
6.98,-0.59,4.13,-11.26,0.36,2.48
6.82,-0.55,4.43,-11.35,0.26,2.71
6.73,-0.41,4.59,-11.44,0.14,2.94
6.65,-0.26,4.60,-11.53,0.02,3.17
6.48,-0.04,4.55,-11.66,-0.15,3.48
6.36,-0.06,4.48,-11.76,-0.27,3.70
6.17,-0.03,4.31,-11.86,-0.40,3.92
5.95,0.01,4.09,-11.95,-0.52,4.13
5.66,-0.04,3.86,-12.07,-0.67,4.41
5.42,-0.11,3.59,-12.14,-0.77,4.63
5.19,-0.25,3.28,-12.20,-0.87,4.84
4.89,-0.42,3.03,-12.25,-0.95,5.05
4.44,-0.66,2.69,-12.30,-1.05,5.32
4.11,-0.81,2.44,-12.32,-1.11,5.53
3.84,-0.94,2.21,-12.34,-1.17,5.72
3.53,-1.08,2.01,-12.35,-1.20,5.91
3.09,-1.27,1.74,-12.36,-1.23,6.15
2.75,-1.36,1.54,-12.36,-1.23,6.32
2.37,-1.46,1.31,-12.36,-1.22,6.48
2.05,-1.48,1.01,-12.36,-1.20,6.63
1.53,-1.65,0.70,-12.35,-1.15,6.82
1.08,-1.83,0.54,-12.34,-1.11,6.94
0.61,-1.99,0.35,-12.34,-1.08,7.05
0.18,-2.06,0.20,-12.33,-1.06,7.15
-0.29,-2.11,-0.02,-12.32,-1.03,7.25
-0.60,-2.17,-0.19,-12.30,-0.99,7.32
-0.84,-2.29,-0.37,-12.28,-0.94,7.39
-1.05,-2.45,-0.59,-12.25,-0.86,7.45
-1.50,-2.72,-0.84,-12.21,-0.73,7.52
-1.99,-2.93,-0.95,-12.17,-0.62,7.57
-2.57,-3.13,-0.98,-12.13,-0.54,7.62
-3.22,-3.29,-0.90,-12.09,-0.49,7.66
-4.23,-3.46,-0.83,-12.02,-0.51,7.68
-4.67,-3.60,-0.80,-11.98,-0.59,7.66
-4.84,-3.68,-0.84,-11.95,-0.68,7.61
-4.93,-3.73,-0.95,-11.93,-0.73,7.56
-5.34,-3.73,-1.02,-11.91,-0.75,7.47
-5.82,-3.68,-1.07,-11.91,-0.76,7.42
-6.31,-3.59,-1.10,-11.91,-0.76,7.38
-6.96,-3.48,-1.12,-11.92,-0.76,7.33
-7.41,-3.38,-1.16,-11.93,-0.77,7.29
-7.81,-3.28,-1.27,-11.95,-0.78,7.24
-8.06,-3.19,-1.47,-11.96,-0.78,7.19
-8.32,-3.09,-1.84,-11.97,-0.76,7.12
-8.55,-3.10,-2.08,-11.98,-0.71,7.06
-8.83,-3.21,-2.28,-11.98,-0.65,7.00
-9.18,-3.32,-2.47,-11.97,-0.58,6.94
-9.65,-3.50,-2.72,-11.95,-0.49,6.86
-9.99,-3.62,-2.86,-11.93,-0.42,6.80
-10.32,-3.67,-3.03,-11.90,-0.35,6.74
-10.55,-3.67,-3.20,-11.87,-0.28,6.67
-10.69,-3.63,-3.54,-11.82,-0.15,6.54
-10.84,-3.69,-3.76,-11.78,-0.02,6.42
-11.15,-3.77,-4.07,-11.73,0.13,6.29
-11.48,-3.89,-4.34,-11.68,0.28,6.14
-12.03,-4.08,-4.63,-11.60,0.49,5.93
-12.48,-4.23,-4.80,-11.54,0.63,5.75
-12.97,-4.38,-4.90,-11.47,0.76,5.56
-13.47,-4.57,-4.95,-11.39,0.85,5.36
-14.07,-4.75,-4.97,-11.28,0.92,5.07
-14.54,-4.88,-4.99,-11.19,0.95,4.83
-14.90,-4.99,-5.00,-11.10,0.94,4.59
-15.24,-5.08,-5.02,-11.00,0.92,4.34
-15.60,-5.18,-5.01,-10.87,0.86,4.00
-15.85,-5.23,-4.99,-10.77,0.80,3.74
-16.03,-5.27,-4.95,-10.66,0.73,3.47
-16.18,-5.27,-4.91,-10.56,0.65,3.20
-16.32,-5.21,-4.84,-10.43,0.54,2.84
-16.41,-5.16,-4.77,-10.33,0.46,2.57
-16.47,-5.14,-4.71,-10.23,0.38,2.30
-16.47,-5.14,-4.64,-10.14,0.30,2.03
-16.50,-5.15,-4.52,-10.02,0.22,1.68
-16.55,-5.17,-4.41,-9.94,0.16,1.41
-16.60,-5.18,-4.27,-9.86,0.10,1.15
-16.65,-5.16,-4.11,-9.77,0.02,0.81
-16.65,-5.16,-4.01,-9.70,-0.03,0.55
-16.61,-5.17,-3.89,-9.64,-0.08,0.31
-16.60,-5.20,-3.76,-9.58,-0.13,0.06
-16.58,-5.24,-3.58,-9.51,-0.18,-0.26
-16.55,-5.29,-3.47,-9.47,-0.22,-0.50
-16.50,-5.32,-3.35,-9.43,-0.26,-0.74
-16.44,-5.36,-3.28,-9.39,-0.29,-0.97
-16.35,-5.40,-3.17,-9.34,-0.33,-1.28
-16.28,-5.46,-3.09,-9.31,-0.35,-1.52
-16.24,-5.50,-3.02,-9.29,-0.37,-1.75










3.54,-0.07,2.24,-10.18,0.66,0.27
3.92,0.05,2.27,-10.23,0.66,0.35
4.31,0.18,2.29,-10.29,0.66,0.44
4.71,0.33,2.33,-10.37,0.68,0.58
5.01,0.42,2.35,-10.44,0.68,0.70
5.33,0.55,2.36,-10.51,0.68,0.83
5.65,0.71,2.40,-10.58,0.68,0.98
5.98,0.95,2.48,-10.67,0.68,1.20
6.11,1.11,2.60,-10.73,0.66,1.38
6.23,1.23,2.72,-10.79,0.62,1.58
6.38,1.26,2.81,-10.85,0.57,1.80
6.61,1.25,2.86,-10.92,0.49,2.11
6.82,1.22,2.91,-10.97,0.42,2.35
6.99,1.16,2.99,-11.02,0.35,2.61
7.09,1.09,3.10,-11.07,0.27,2.88
7.15,1.02,3.27,-11.14,0.17,3.26
7.20,0.96,3.38,-11.19,0.09,3.55
7.19,0.88,3.51,-11.26,0.01,3.84
7.07,0.80,3.59,-11.33,-0.07,4.14
6.83,0.67,3.64,-11.44,-0.18,4.53
6.63,0.55,3.70,-11.53,-0.26,4.83
6.39,0.43,3.75,-11.63,-0.34,5.13
5.96,0.39,3.79,-11.77,-0.43,5.53
5.61,0.40,3.80,-11.88,-0.49,5.82
5.31,0.45,3.76,-11.99,-0.54,6.11
5.02,0.50,3.71,-12.11,-0.57,6.39
4.46,0.54,3.63,-12.28,-0.58,6.75
3.97,0.57,3.53,-12.41,-0.59,7.01
3.42,0.59,3.40,-12.54,-0.60,7.27
2.81,0.60,3.23,-12.67,-0.63,7.52
2.01,0.65,2.99,-12.84,-0.67,7.84
1.47,0.74,2.78,-12.96,-0.70,8.07
0.94,0.86,2.56,-13.08,-0.74,8.29
0.42,1.01,2.35,-13.19,-0.77,8.45
-0.22,1.17,2.02,-13.32,-0.80,8.45
-0.71,1.23,1.75,-13.41,-0.82,8.45
-1.22,1.21,1.44,-13.48,-0.83,8.45
-1.78,1.12,1.13,-13.55,-0.84,8.45
-2.63,0.86,0.71,-13.62,-0.88,8.45
-3.23,0.57,0.41,-13.66,-0.92,8.45
-3.79,0.25,0.07,-13.68,-0.97,8.45
-4.25,-0.09,-0.28,-13.69,-1.02,8.45
-4.75,-0.54,-0.72,-13.67,-1.07,8.45
-5.10,-0.88,-1.08,-13.65,-1.09,8.45
-5.53,-1.20,-1.38,-13.61,-1.09,8.45
-6.04,-1.50,-1.61,-13.57,-1.09,8.45
-6.87,-1.81,-1.90,-13.50,-1.09,8.45
-7.47,-2.06,-2.04,-13.45,-1.10,8.45
-8.06,-2.26,-2.15,-13.39,-1.11,8.45
-8.63,-2.46,-2.25,-13.32,-1.13,8.45
-9.28,-2.66,-2.38,-13.23,-1.14,8.45
-9.75,-2.74,-2.51,-13.16,-1.14,8.45
-10.13,-2.78,-2.69,-13.10,-1.13,8.45
-10.53,-2.81,-2.82,-13.03,-1.09,8.45
-11.10,-2.79,-3.04,-12.95,-1.02,8.45
-11.28,-2.73,-3.27,-12.89,-0.95,8.45
-11.42,-2.68,-3.53,-12.83,-0.83,8.45
-11.80,-2.61,-4.03,-12.76,-0.63,8.45
-12.26,-2.64,-4.44,-12.72,-0.46,8.45
-12.82,-2.72,-4.83,-12.68,-0.30,8.45
-13.50,-2.85,-5.08,-12.64,-0.14,8.45
-14.51,-3.06,-5.36,-12.58,0.03,8.45
-15.17,-3.28,-5.48,-12.51,0.13,8.45
-15.78,-3.44,-5.66,-12.43,0.22,8.45
-16.33,-3.59,-5.84,-12.33,0.29,8.30
-16.99,-3.72,-6.19,-12.19,0.37,7.98
-17.39,-3.87,-6.37,-12.08,0.43,7.73
-17.80,-3.94,-6.55,-11.97,0.48,7.47
-18.21,-3.98,-6.72,-11.84,0.53,7.20
-18.76,-4.01,-6.86,-11.67,0.59,6.83
-19.12,-4.03,-6.96,-11.53,0.64,6.55
-19.51,-4.05,-7.01,-11.39,0.68,6.26
-19.85,-4.08,-7.04,-11.25,0.71,5.97
-20.00,-4.16,-7.12,-11.06,0.73,5.57
-20.00,-4.24,-7.24,-10.92,0.77,5.25
-20.00,-4.32,-7.26,-10.79,0.81,4.93
-20.00,-4.39,-7.19,-10.65,0.85,4.59
-20.00,-4.44,-7.08,-10.47,0.88,4.13
-20.00,-4.47,-6.99,-10.34,0.88,3.78
-20.00,-4.48,-6.89,-10.21,0.86,3.41
-20.00,-4.47,-6.80,-10.08,0.82,3.04
-20.00,-4.46,-6.67,-9.92,0.74,2.53
-20.00,-4.48,-6.56,-9.81,0.67,2.14
-20.00,-4.50,-6.43,-9.70,0.58,1.75
-20.00,-4.54,-6.30,-9.59,0.48,1.34
-20.00,-4.66,-6.13,-9.47,0.33,0.80
-20.00,-4.76,-5.99,-9.37,0.21,0.39
-20.00,-4.88,-5.89,-9.28,0.07,-0.03
-20.00,-5.02,-5.77,-9.19,-0.06,-0.44
-20.00,-5.19,-5.59,-9.08,-0.26,-0.99
-20.00,-5.33,-5.49,-9.00,-0.41,-1.40
-20.00,-5.41,-5.35,-8.92,-0.55,-1.81
-20.00,-5.47,-5.21,-8.84,-0.70,-2.21
-20.00,-5.47,-4.96,-8.75,-0.88,-2.73
-20.00,-5.45,-4.79,-8.69,-1.01,-3.11
-20.00,-5.43,-4.63,-8.64,-1.13,-3.47
-20.00,-5.43,-4.45,-8.59,-1.25,-3.83
-20.00,-5.48,-4.27,-8.54,-1.38,-4.28
-20.00,-5.51,-4.12,-8.51,-1.46,-4.61
-20.00,-5.52,-3.97,-8.48,-1.52,-4.92










4.56,0.80,1.15,-10.21,0.68,-0.52
5.07,1.06,1.25,-10.24,0.70,-0.41
5.81,1.46,1.39,-10.29,0.74,-0.22
6.46,1.78,1.48,-10.33,0.76,-0.03
7.15,2.10,1.53,-10.38,0.79,0.20
7.87,2.36,1.59,-10.44,0.84,0.46
8.69,2.68,1.74,-10.52,0.91,0.86
9.35,2.88,1.83,-10.59,0.97,1.20
9.93,3.02,1.95,-10.67,1.02,1.55
10.52,3.13,2.08,-10.75,1.08,1.92
11.19,3.34,2.28,-10.87,1.15,2.43
11.53,3.53,2.46,-10.96,1.21,2.83
11.75,3.70,2.64,-11.06,1.25,3.24
11.87,3.84,2.83,-11.16,1.27,3.65
11.91,3.95,3.08,-11.30,1.28,4.20
11.86,3.99,3.26,-11.41,1.27,4.60
11.68,4.02,3.44,-11.51,1.25,5.00
11.42,4.04,3.69,-11.63,1.21,5.38
10.99,4.13,3.93,-11.78,1.13,5.88
10.61,4.24,4.12,-11.89,1.06,6.23
10.13,4.35,4.28,-12.01,0.99,6.57
9.48,4.46,4.47,-12.13,0.90,6.90
8.39,4.60,4.79,-12.29,0.75,7.31
7.38,4.70,5.01,-12.41,0.60,7.61
6.42,4.76,5.19,-12.52,0.42,7.89
5.14,4.68,5.33,-12.67,0.14,8.26
4.20,4.51,5.32,-12.77,-0.11,8.45
3.37,4.28,5.34,-12.87,-0.38,8.45
2.62,4.04,5.31,-12.96,-0.65,8.45
1.83,3.71,5.10,-13.06,-0.99,8.45
1.31,3.45,4.88,-13.14,-1.21,8.45
0.78,3.17,4.62,-13.21,-1.40,8.45
0.23,2.87,4.30,-13.28,-1.55,8.45
-0.56,2.56,3.82,-13.38,-1.72,8.45
-1.10,2.38,3.45,-13.46,-1.79,8.45
-1.59,2.24,3.07,-13.54,-1.84,8.45
-2.07,2.13,2.69,-13.62,-1.84,8.45
-2.72,2.04,2.19,-13.74,-1.79,8.45
-3.25,2.01,1.85,-13.84,-1.73,8.45
-3.81,1.98,1.53,-13.93,-1.64,8.45
-4.43,1.94,1.21,-14.03,-1.54,8.45
-5.34,1.83,0.76,-14.16,-1.42,8.45
-6.02,1.70,0.41,-14.25,-1.34,8.45
-6.73,1.56,0.08,-14.33,-1.27,8.45
-7.44,1.40,-0.24,-14.40,-1.22,8.45
-8.27,1.22,-0.71,-14.46,-1.17,8.45
-8.84,1.10,-1.05,-14.50,-1.14,8.45
-9.42,0.99,-1.41,-14.52,-1.11,8.45
-10.00,0.87,-1.78,-14.53,-1.09,8.45
-10.73,0.68,-2.32,-14.52,-1.07,8.45
-11.24,0.55,-2.73,-14.51,-1.04,8.45
-11.70,0.40,-3.13,-14.49,-1.00,8.45
-12.18,0.31,-3.52,-14.47,-0.94,8.45
-12.72,0.20,-4.06,-14.42,-0.84,8.45
-13.11,0.15,-4.48,-14.38,-0.73,8.45
-13.54,0.10,-4.88,-14.33,-0.60,8.45
-13.92,-0.01,-5.29,-14.27,-0.45,8.45
-14.07,-0.25,-6.10,-14.16,-0.18,8.45
-14.49,-0.45,-6.83,-14.07,0.08,8.45
-15.23,-0.73,-7.34,-13.98,0.34,8.45
-16.56,-1.15,-7.63,-13.84,0.61,8.45
-17.65,-1.52,-7.69,-13.71,0.73,8.45
-18.58,-1.91,-7.82,-13.54,0.79,8.45
-19.28,-2.32,-8.13,-13.36,0.81,8.35
-19.97,-2.92,-8.58,-13.07,0.85,7.84
-20.00,-3.36,-8.91,-12.84,0.88,7.43
-20.00,-3.77,-9.19,-12.59,0.91,7.00
-20.00,-4.16,-9.38,-12.34,0.93,6.53
-20.00,-4.62,-9.48,-11.99,0.91,5.88
-20.00,-4.98,-9.45,-11.72,0.85,5.36
-20.00,-5.21,-9.39,-11.44,0.75,4.84
-20.00,-5.38,-9.18,-11.16,0.61,4.30
-20.00,-5.52,-8.86,-10.77,0.35,3.57
-20.00,-5.56,-8.65,-10.49,0.13,3.02
-20.00,-5.54,-8.47,-10.22,-0.10,2.48
-20.00,-5.47,-8.27,-9.97,-0.33,1.93
-20.00,-5.32,-7.98,-9.65,-0.61,1.21
-20.00,-5.12,-7.74,-9.44,-0.80,0.68
-20.00,-4.89,-7.48,-9.25,-0.97,0.17
-20.00,-4.68,-7.22,-9.07,-1.12,-0.33
-20.00,-4.48,-6.91,-8.86,-1.28,-0.97
-20.00,-4.38,-6.65,-8.72,-1.37,-1.42
-20.00,-4.36,-6.38,-8.58,-1.44,-1.84
-20.00,-4.41,-6.09,-8.45,-1.49,-2.24
-20.00,-4.51,-5.70,-8.30,-1.54,-2.73
-20.00,-4.59,-5.39,-8.19,-1.56,-3.07
-20.00,-4.70,-5.07,-8.09,-1.57,-3.39
-20.00,-4.81,-4.75,-8.00,-1.57,-3.69
-20.00,-4.90,-4.31,-7.91,-1.56,-4.06
-19.89,-4.92,-3.98,-7.85,-1.54,-4.31
-19.38,-4.91,-3.64,-7.81,-1.52,-4.56
-18.87,-4.87,-3.37,-7.79,-1.49,-4.79
-18.27,-4.84,-2.99,-7.77,-1.45,-5.08
-17.82,-4.83,-2.74,-7.77,-1.42,-5.29
-17.37,-4.84,-2.55,-7.77,-1.39,-5.48
-16.97,-4.87,-2.40,-7.78,-1.36,-5.67
-16.43,-4.92,-2.24,-7.79,-1.31,-5.90
-16.07,-4.98,-2.13,-7.81,-1.28,-6.07
-15.73,-5.05,-2.02,-7.82,-1.26,-6.23
-15.31,-5.11,-1.87,-7.84,-1.23,-6.44










3.74,0.62,1.83,-10.26,0.24,0.08
4.06,0.72,1.92,-10.29,0.21,0.15
4.51,0.88,2.01,-10.33,0.16,0.27
4.92,1.05,2.01,-10.36,0.13,0.39
5.39,1.18,2.01,-10.38,0.11,0.52
6.07,1.32,2.02,-10.42,0.11,0.74
6.53,1.40,2.06,-10.44,0.13,0.92
6.85,1.46,2.13,-10.47,0.15,1.12
7.09,1.53,2.20,-10.50,0.16,1.34
7.42,1.65,2.28,-10.54,0.16,1.65
7.75,1.77,2.35,-10.58,0.16,1.90
8.13,1.93,2.40,-10.63,0.16,2.16
8.53,2.11,2.41,-10.69,0.18,2.43
8.94,2.31,2.47,-10.77,0.24,2.80
9.09,2.42,2.55,-10.84,0.29,3.09
9.14,2.50,2.63,-10.91,0.35,3.37
9.10,2.52,2.70,-10.99,0.40,3.66
9.04,2.48,2.73,-11.09,0.46,4.04
8.99,2.47,2.75,-11.17,0.50,4.32
8.87,2.43,2.75,-11.25,0.56,4.59
8.71,2.42,2.84,-11.33,0.61,4.85
8.40,2.45,3.03,-11.44,0.66,5.18
8.13,2.50,3.18,-11.53,0.70,5.42
7.77,2.54,3.32,-11.62,0.72,5.66
7.37,2.55,3.46,-11.71,0.71,5.88
6.84,2.53,3.67,-11.84,0.67,6.18
6.40,2.53,3.78,-11.93,0.63,6.39
5.88,2.49,3.89,-12.03,0.55,6.61
5.32,2.42,3.99,-12.12,0.45,6.83
4.59,2.39,4.08,-12.25,0.27,7.12
4.07,2.35,4.07,-12.34,0.11,7.34
3.58,2.31,4.07,-12.44,-0.06,7.57
3.07,2.27,4.03,-12.52,-0.23,7.79
2.43,2.16,3.90,-12.64,-0.45,8.08
2.01,2.03,3.74,-12.73,-0.60,8.28
1.54,1.91,3.56,-12.82,-0.72,8.45
0.96,1.81,3.39,-12.91,-0.83,8.45
0.12,1.65,3.11,-13.04,-0.95,8.45
-0.48,1.56,2.86,-13.14,-1.03,8.45
-1.07,1.51,2.61,-13.24,-1.08,8.45
-1.90,1.49,2.26,-13.38,-1.11,8.45
-2.54,1.45,2.02,-13.48,-1.12,8.45
-3.15,1.42,1.74,-13.59,-1.10,8.45
-3.80,1.39,1.44,-13.69,-1.08,8.45
-4.70,1.34,1.02,-13.83,-1.02,8.45
-5.40,1.28,0.72,-13.93,-0.98,8.45
-6.08,1.24,0.39,-14.02,-0.93,8.45
-6.70,1.19,0.06,-14.10,-0.88,8.45
-7.43,1.08,-0.41,-14.19,-0.81,8.45
-7.91,0.96,-0.81,-14.25,-0.75,8.45
-8.34,0.86,-1.25,-14.30,-0.67,8.45
-8.76,0.72,-1.67,-14.34,-0.57,8.45
-9.31,0.48,-2.22,-14.38,-0.43,8.45
-9.68,0.33,-2.60,-14.40,-0.31,8.45
-10.05,0.21,-2.96,-14.40,-0.18,8.45
-10.42,0.14,-3.32,-14.40,-0.04,8.45
-10.96,0.02,-3.82,-14.38,0.16,8.45
-11.42,-0.11,-4.19,-14.35,0.30,8.45
-11.91,-0.31,-4.53,-14.31,0.44,8.45
-12.41,-0.54,-4.85,-14.26,0.56,8.45
-13.12,-0.88,-5.24,-14.16,0.70,8.45
-13.64,-1.16,-5.57,-14.07,0.79,8.45
-14.10,-1.48,-5.94,-13.97,0.86,8.45
-14.57,-1.78,-6.27,-13.86,0.92,8.45
-14.69,-2.13,-6.84,-13.68,1.01,8.45
-14.78,-2.27,-7.45,-13.54,1.13,8.45
-15.19,-2.41,-7.89,-13.41,1.26,8.45
-15.82,-2.58,-8.02,-13.27,1.37,8.45
-16.88,-2.75,-7.91,-13.07,1.44,8.14
-17.55,-2.93,-7.81,-12.90,1.43,7.83
-18.07,-3.09,-7.84,-12.72,1.40,7.52
-18.55,-3.25,-7.89,-12.52,1.37,7.20
-18.91,-3.47,-8.06,-12.25,1.32,6.77
-19.12,-3.64,-8.24,-12.04,1.30,6.45
-19.50,-3.78,-8.34,-11.84,1.28,6.11
-19.99,-4.08,-8.20,-11.57,1.21,5.65
-20.00,-4.24,-8.22,-11.36,1.14,5.30
-20.00,-4.38,-8.19,-11.15,1.06,4.95
-20.00,-4.51,-8.14,-10.93,0.96,4.60
-20.00,-4.70,-8.01,-10.64,0.79,4.14
-20.00,-4.84,-7.86,-10.42,0.65,3.79
-20.00,-4.91,-7.82,-10.20,0.52,3.45
-20.00,-4.98,-7.79,-9.98,0.39,3.10
-20.00,-5.06,-7.68,-9.70,0.23,2.63
-20.00,-5.12,-7.57,-9.50,0.13,2.27
-20.00,-5.14,-7.45,-9.30,0.03,1.92
-20.00,-5.18,-7.30,-9.12,-0.06,1.57
-20.00,-5.22,-7.04,-8.89,-0.17,1.10
-20.00,-5.24,-6.80,-8.73,-0.26,0.74
-20.00,-5.26,-6.55,-8.58,-0.35,0.39
-20.00,-5.30,-6.25,-8.45,-0.44,0.04
-20.00,-5.38,-5.82,-8.29,-0.56,-0.41
-20.00,-5.46,-5.51,-8.19,-0.65,-0.74
-20.00,-5.56,-5.19,-8.10,-0.75,-1.07
-20.00,-5.68,-4.88,-8.01,-0.84,-1.39
-20.00,-5.86,-4.49,-7.92,-0.97,-1.80
-20.00,-6.03,-4.26,-7.86,-1.07,-2.11
-19.96,-6.18,-4.10,-7.81,-1.15,-2.41
-19.68,-6.35,-3.89,-7.76,-1.23,-2.71
-19.34,-6.58,-3.66,-7.71,-1.31,-3.09










3.29,-0.17,1.73,-10.30,0.27,-0.28
3.59,-0.06,1.80,-10.32,0.26,-0.23
4.02,-0.01,1.76,-10.35,0.25,-0.16
4.67,0.04,1.73,-10.39,0.24,-0.05
5.17,0.14,1.73,-10.43,0.24,0.05
5.63,0.28,1.79,-10.46,0.26,0.18
6.23,0.49,1.86,-10.51,0.28,0.39
6.66,0.65,1.94,-10.55,0.30,0.57
7.10,0.81,2.03,-10.60,0.32,0.77
7.54,0.95,2.14,-10.65,0.35,1.00
8.12,1.17,2.29,-10.73,0.39,1.33
8.57,1.31,2.40,-10.79,0.44,1.58
9.01,1.43,2.51,-10.86,0.50,1.85
9.39,1.50,2.63,-10.94,0.57,2.12
9.77,1.56,2.81,-11.05,0.67,2.49
9.97,1.56,2.95,-11.14,0.75,2.78
10.16,1.56,3.09,-11.23,0.82,3.06
10.31,1.59,3.20,-11.33,0.90,3.35
10.47,1.71,3.33,-11.46,0.99,3.73
10.51,1.79,3.40,-11.56,1.05,4.02
10.52,1.90,3.44,-11.67,1.10,4.29
10.46,2.00,3.48,-11.77,1.14,4.57
10.26,2.18,3.52,-11.91,1.17,4.92
10.01,2.34,3.58,-12.01,1.16,5.18
9.75,2.51,3.61,-12.11,1.13,5.44
9.46,2.65,3.61,-12.20,1.08,5.70
8.98,2.78,3.60,-12.31,0.98,6.04
8.57,2.82,3.60,-12.39,0.88,6.30
8.05,2.83,3.61,-12.47,0.76,6.56
7.48,2.78,3.63,-12.53,0.62,6.81
6.76,2.64,3.64,-12.61,0.40,7.15
6.24,2.48,3.65,-12.66,0.23,7.40
5.72,2.32,3.67,-12.71,0.06,7.63
5.16,2.15,3.69,-12.76,-0.11,7.86
4.34,1.96,3.73,-12.83,-0.32,8.16
3.63,1.86,3.76,-12.88,-0.47,8.37
2.84,1.81,3.77,-12.94,-0.62,8.45
2.06,1.82,3.77,-13.01,-0.77,8.45
1.24,1.84,3.56,-13.12,-0.96,8.45
0.70,1.92,3.34,-13.22,-1.07,8.45
0.05,2.06,3.17,-13.32,-1.16,8.45
-0.91,2.27,2.90,-13.47,-1.24,8.45
-1.60,2.43,2.67,-13.59,-1.28,8.45
-2.24,2.52,2.38,-13.71,-1.31,8.45
-2.85,2.61,2.03,-13.83,-1.33,8.45
-3.70,2.70,1.57,-13.99,-1.31,8.45
-4.37,2.75,1.20,-14.10,-1.29,8.45
-5.06,2.78,0.83,-14.20,-1.25,8.45
-5.72,2.77,0.47,-14.30,-1.21,8.45
-6.60,2.78,-0.01,-14.41,-1.14,8.45
-7.26,2.77,-0.39,-14.49,-1.09,8.45
-7.87,2.73,-0.79,-14.55,-1.03,8.45
-8.43,2.70,-1.17,-14.61,-0.95,8.45
-9.19,2.68,-1.75,-14.66,-0.83,8.45
-9.74,2.64,-2.17,-14.69,-0.72,8.45
-10.28,2.59,-2.57,-14.71,-0.60,8.45
-10.90,2.53,-2.99,-14.72,-0.47,8.45
-11.66,2.48,-3.64,-14.72,-0.29,8.45
-12.19,2.41,-4.09,-14.71,-0.15,8.45
-12.76,2.32,-4.60,-14.69,0.01,8.45
-13.44,2.23,-5.14,-14.65,0.18,8.45
-14.47,1.97,-5.80,-14.58,0.40,8.45
-15.23,1.69,-6.22,-14.51,0.55,8.45
-16.01,1.40,-6.66,-14.42,0.69,8.45
-16.84,1.11,-7.11,-14.31,0.81,8.45
-17.90,0.64,-7.67,-14.15,0.92,8.45
-18.23,0.20,-8.31,-14.00,1.00,8.45
-18.63,-0.24,-8.99,-13.84,1.12,8.45
-19.41,-0.72,-9.49,-13.66,1.26,8.45
-20.00,-1.44,-9.64,-13.41,1.37,8.45
-20.00,-1.97,-9.72,-13.20,1.33,8.13
-20.00,-2.43,-9.87,-12.97,1.24,7.63
-20.00,-2.77,-9.84,-12.72,1.14,7.11
-20.00,-3.14,-9.68,-12.36,0.93,6.39
-20.00,-3.40,-9.56,-12.08,0.75,5.84
-20.00,-3.65,-9.53,-11.78,0.54,5.29
-20.00,-3.97,-9.54,-11.39,0.29,4.54
-20.00,-4.19,-9.49,-11.10,0.11,3.98
-20.00,-4.38,-9.39,-10.82,-0.05,3.42
-20.00,-4.51,-9.20,-10.55,-0.20,2.87
-20.00,-4.61,-8.81,-10.20,-0.40,2.14
-20.00,-4.59,-8.42,-9.96,-0.55,1.60
-20.00,-4.52,-7.98,-9.73,-0.71,1.08
-20.00,-4.40,-7.55,-9.52,-0.87,0.58
-20.00,-4.22,-7.01,-9.27,-1.07,-0.06
-20.00,-4.10,-6.65,-9.11,-1.20,-0.52
-20.00,-4.04,-6.31,-8.98,-1.30,-0.96
-20.00,-4.02,-5.99,-8.86,-1.38,-1.37
-20.00,-4.10,-5.54,-8.72,-1.43,-1.89
-20.00,-4.18,-5.24,-8.64,-1.45,-2.25
-20.00,-4.29,-4.88,-8.56,-1.45,-2.58
-20.00,-4.39,-4.53,-8.50,-1.44,-2.88
-20.00,-4.47,-4.06,-8.43,-1.42,-3.25
-20.00,-4.57,-3.70,-8.40,-1.40,-3.51
-19.76,-4.69,-3.37,-8.38,-1.37,-3.74
-19.22,-4.79,-3.05,-8.36,-1.33,-3.95
-18.58,-4.89,-2.67,-8.37,-1.27,-4.21
-18.18,-4.91,-2.40,-8.38,-1.23,-4.39
-17.71,-4.92,-2.21,-8.40,-1.20,-4.55
-17.22,-4.97,-2.08,-8.43,-1.16,-4.70










4.34,-0.35,1.26,-10.03,0.66,-0.48
4.69,-0.30,1.36,-10.04,0.71,-0.42
5.23,-0.24,1.46,-10.04,0.77,-0.33
5.72,-0.18,1.51,-10.05,0.81,-0.26
6.24,-0.10,1.57,-10.06,0.86,-0.17
6.75,0.01,1.67,-10.07,0.90,-0.08
7.34,0.18,1.83,-10.10,0.97,0.08
7.64,0.32,2.00,-10.12,1.00,0.21
7.90,0.46,2.23,-10.15,1.01,0.37
8.11,0.63,2.48,-10.18,0.99,0.56
8.38,0.91,2.79,-10.23,0.93,0.85
8.67,1.17,3.02,-10.28,0.86,1.11
8.97,1.43,3.24,-10.34,0.78,1.40
9.25,1.68,3.42,-10.41,0.71,1.72
9.59,1.96,3.63,-10.52,0.60,2.18
9.75,2.07,3.79,-10.61,0.53,2.54
9.85,2.12,3.92,-10.71,0.46,2.92
9.88,2.12,4.08,-10.85,0.37,3.45
9.86,2.14,4.16,-10.97,0.31,3.84
9.77,2.17,4.24,-11.09,0.26,4.24
9.61,2.24,4.31,-11.22,0.22,4.62
9.28,2.34,4.37,-11.40,0.18,5.12
9.01,2.42,4.35,-11.54,0.15,5.47
8.72,2.49,4.27,-11.69,0.13,5.81
8.40,2.59,4.14,-11.84,0.13,6.14
7.83,2.72,3.97,-12.05,0.14,6.54
7.33,2.78,3.85,-12.20,0.14,6.83
6.79,2.83,3.73,-12.35,0.14,7.11
6.18,2.87,3.59,-12.48,0.13,7.38
5.33,2.81,3.39,-12.65,0.09,7.73
4.65,2.74,3.25,-12.76,0.05,7.98
4.01,2.68,3.08,-12.86,-0.01,8.22
3.36,2.59,2.93,-12.95,-0.07,8.44
2.43,2.43,2.73,-13.05,-0.18,8.45
1.72,2.32,2.53,-13.11,-0.27,8.45
1.01,2.21,2.37,-13.16,-0.37,8.45
0.32,2.11,2.24,-13.21,-0.48,8.45
-0.61,1.95,2.06,-13.26,-0.62,8.45
-1.25,1.80,1.85,-13.29,-0.72,8.45
-1.87,1.64,1.64,-13.32,-0.81,8.45
-2.47,1.49,1.38,-13.34,-0.89,8.45
-3.28,1.35,1.06,-13.38,-0.97,8.45
-3.88,1.28,0.85,-13.41,-1.02,8.45
-4.47,1.22,0.62,-13.44,-1.04,8.45
-5.03,1.16,0.39,-13.48,-1.05,8.45
-5.76,1.04,0.04,-13.53,-1.04,8.45
-6.32,0.93,-0.23,-13.56,-1.02,8.45
-6.88,0.77,-0.53,-13.60,-0.98,8.45
-7.44,0.59,-0.78,-13.64,-0.92,8.45
-8.20,0.34,-1.15,-13.69,-0.84,8.45
-8.76,0.15,-1.41,-13.72,-0.77,8.45
-9.31,-0.04,-1.72,-13.74,-0.69,8.45
-10.01,-0.27,-2.17,-13.76,-0.58,8.45
-10.48,-0.46,-2.55,-13.76,-0.49,8.45
-10.87,-0.66,-2.91,-13.75,-0.38,8.45
-11.25,-0.85,-3.29,-13.74,-0.25,8.45
-11.90,-1.09,-3.79,-13.70,-0.05,8.45
-12.48,-1.32,-4.12,-13.66,0.10,8.45
-13.08,-1.58,-4.44,-13.60,0.24,8.45
-13.66,-1.85,-4.72,-13.54,0.37,8.45
-14.49,-2.21,-5.06,-13.43,0.52,8.45
-15.11,-2.48,-5.27,-13.33,0.60,8.45
-15.64,-2.73,-5.47,-13.22,0.66,8.28
-15.90,-2.90,-5.75,-13.11,0.71,8.05
-16.15,-3.07,-6.10,-12.95,0.80,7.71
-16.49,-3.20,-6.36,-12.83,0.90,7.45
-17.00,-3.34,-6.49,-12.71,0.99,7.17
-17.59,-3.51,-6.55,-12.58,1.05,6.89
-18.36,-3.72,-6.58,-12.40,1.07,6.49
-18.88,-3.86,-6.65,-12.26,1.04,6.18
-19.31,-4.14,-6.69,-12.11,1.00,5.86
-19.67,-4.41,-6.77,-11.95,0.93,5.54
-20.00,-4.62,-6.88,-11.73,0.82,5.09
-20.00,-4.70,-6.94,-11.57,0.73,4.75
-20.00,-4.80,-6.87,-11.40,0.63,4.41
-20.00,-4.88,-6.78,-11.23,0.53,4.06
-20.00,-5.01,-6.69,-11.01,0.40,3.61
-20.00,-5.14,-6.57,-10.85,0.32,3.27
-20.00,-5.27,-6.49,-10.69,0.25,2.93
-20.00,-5.37,-6.43,-10.53,0.20,2.60
-20.00,-5.48,-6.25,-10.34,0.14,2.16
-20.00,-5.50,-6.08,-10.20,0.11,1.84
-20.00,-5.51,-5.87,-10.08,0.06,1.52
-20.00,-5.56,-5.67,-9.95,-0.00,1.21
-20.00,-5.65,-5.38,-9.80,-0.09,0.81
-20.00,-5.73,-5.19,-9.69,-0.17,0.51
-19.86,-5.80,-5.02,-9.58,-0.25,0.22
-19.60,-5.88,-4.78,-9.45,-0.36,-0.14
-19.37,-5.92,-4.60,-9.36,-0.43,-0.41
-19.10,-5.96,-4.41,-9.28,-0.49,-0.66
-18.83,-5.96,-4.19,-9.21,-0.54,-0.90
-18.44,-5.97,-3.89,-9.13,-0.60,-1.21
-18.15,-5.98,-3.67,-9.08,-0.64,-1.42
-17.87,-5.98,-3.47,-9.04,-0.66,-1.62
-17.60,-5.99,-3.27,-9.01,-0.68,-1.81
-17.30,-6.01,-3.01,-8.97,-0.70,-2.04
-17.08,-6.05,-2.83,-8.96,-0.71,-2.20
-16.86,-6.10,-2.67,-8.95,-0.71,-2.36
-16.62,-6.19,-2.53,-8.95,-0.72,-2.50
-16.32,-6.34,-2.35,-8.95,-0.72,-2.69










4.04,-0.70,1.65,-10.05,0.55,-0.76
4.39,-0.55,1.74,-10.06,0.59,-0.73
4.68,-0.33,1.86,-10.07,0.63,-0.68
5.02,0.04,2.05,-10.10,0.65,-0.58
5.36,0.28,2.28,-10.12,0.65,-0.47
5.84,0.46,2.43,-10.15,0.64,-0.34
6.36,0.66,2.57,-10.19,0.61,-0.18
7.12,0.91,2.80,-10.25,0.58,0.09
7.71,1.06,3.01,-10.30,0.56,0.34
8.30,1.23,3.22,-10.36,0.53,0.62
9.09,1.45,3.49,-10.45,0.50,1.04
9.67,1.60,3.67,-10.54,0.49,1.38
10.23,1.76,3.83,-10.63,0.48,1.75
10.75,1.94,3.99,-10.73,0.49,2.13
11.41,2.20,4.18,-10.89,0.52,2.65
11.85,2.38,4.30,-11.02,0.56,3.05
12.14,2.53,4.42,-11.16,0.60,3.44
12.33,2.68,4.55,-11.30,0.65,3.84
12.41,2.89,4.62,-11.49,0.69,4.37
12.29,3.09,4.67,-11.64,0.70,4.78
12.08,3.32,4.74,-11.79,0.69,5.19
11.74,3.60,4.82,-11.93,0.66,5.60
11.12,4.01,4.92,-12.14,0.59,6.16
10.57,4.29,4.98,-12.29,0.51,6.58
9.93,4.53,5.01,-12.44,0.41,7.00
9.18,4.71,5.04,-12.58,0.30,7.42
7.91,4.84,4.96,-12.77,0.12,7.96
6.85,4.83,4.94,-12.91,-0.04,8.35
5.77,4.79,4.96,-13.03,-0.23,8.45
4.67,4.75,4.94,-13.14,-0.43,8.45
3.35,4.62,4.74,-13.28,-0.70,8.45
2.52,4.48,4.54,-13.38,-0.90,8.45
1.78,4.34,4.29,-13.48,-1.08,8.45
1.05,4.19,3.97,-13.58,-1.24,8.45
0.21,3.97,3.51,-13.71,-1.39,8.45
-0.30,3.76,3.14,-13.81,-1.46,8.45
-0.81,3.54,2.75,-13.91,-1.48,8.45
-1.27,3.31,2.29,-14.01,-1.47,8.45
-1.97,2.98,1.68,-14.15,-1.38,8.45
-2.62,2.76,1.20,-14.25,-1.29,8.45
-3.31,2.54,0.74,-14.35,-1.18,8.45
-4.03,2.31,0.29,-14.44,-1.06,8.45
-5.02,2.04,-0.34,-14.54,-0.89,8.45
-5.69,1.84,-0.78,-14.60,-0.77,8.45
-6.37,1.61,-1.20,-14.65,-0.65,8.45
-7.29,1.24,-1.76,-14.68,-0.50,8.45
-7.99,0.93,-2.22,-14.69,-0.39,8.45
-8.70,0.60,-2.67,-14.68,-0.30,8.45
-9.35,0.28,-3.11,-14.65,-0.20,8.45
-10.06,-0.07,-3.68,-14.60,-0.06,8.45
-10.56,-0.32,-4.07,-14.55,0.05,8.45
-11.15,-0.55,-4.47,-14.49,0.18,8.45
-11.80,-0.75,-4.85,-14.42,0.30,8.45
-12.77,-1.03,-5.33,-14.32,0.45,8.45
-13.52,-1.22,-5.65,-14.23,0.54,8.45
-14.21,-1.44,-5.96,-14.13,0.61,8.45
-14.88,-1.71,-6.24,-14.03,0.66,8.45
-15.75,-2.05,-6.57,-13.87,0.70,8.45
-16.37,-2.30,-6.79,-13.74,0.71,8.45
-16.76,-2.56,-7.04,-13.60,0.70,8.45
-17.00,-2.72,-7.41,-13.46,0.72,8.45
-17.52,-2.85,-7.78,-13.26,0.77,8.03
-18.01,-3.01,-7.87,-13.10,0.81,7.67
-18.58,-3.23,-7.90,-12.94,0.82,7.31
-19.12,-3.45,-7.92,-12.77,0.80,6.94
-19.75,-3.74,-7.91,-12.52,0.72,6.45
-20.00,-3.96,-8.07,-12.32,0.65,6.08
-20.00,-4.20,-8.23,-12.12,0.58,5.71
-20.00,-4.39,-8.34,-11.91,0.51,5.32
-20.00,-4.60,-8.28,-11.63,0.40,4.80
-20.00,-4.74,-8.08,-11.42,0.29,4.41
-20.00,-4.84,-7.89,-11.21,0.16,4.02
-20.00,-4.96,-7.74,-10.99,0.03,3.64
-20.00,-5.15,-7.71,-10.70,-0.12,3.13
-20.00,-5.31,-7.70,-10.48,-0.19,2.74
-20.00,-5.46,-7.63,-10.27,-0.24,2.36
-20.00,-5.56,-7.47,-10.07,-0.28,1.98
-20.00,-5.60,-7.13,-9.83,-0.33,1.47
-20.00,-5.55,-6.78,-9.66,-0.38,1.11
-20.00,-5.46,-6.41,-9.51,-0.45,0.75
-20.00,-5.32,-5.90,-9.33,-0.55,0.30
-20.00,-5.26,-5.57,-9.21,-0.63,-0.03
-20.00,-5.21,-5.27,-9.12,-0.69,-0.34
-20.00,-5.21,-4.98,-9.04,-0.75,-0.63
-19.68,-5.29,-4.58,-8.95,-0.80,-1.00
-19.28,-5.38,-4.29,-8.89,-0.82,-1.25
-18.90,-5.48,-3.96,-8.85,-0.84,-1.48
-18.52,-5.57,-3.65,-8.81,-0.86,-1.70
-18.00,-5.74,-3.24,-8.78,-0.88,-1.96
-17.57,-5.86,-2.97,-8.76,-0.89,-2.14
-17.20,-5.93,-2.74,-8.76,-0.88,-2.30
-16.83,-6.03,-2.52,-8.76,-0.88,-2.45
-16.39,-6.11,-2.21,-8.77,-0.87,-2.62
-16.11,-6.15,-2.02,-8.79,-0.87,-2.75
-15.85,-6.20,-1.86,-8.81,-0.87,-2.86
-15.62,-6.25,-1.71,-8.84,-0.87,-2.97
-15.31,-6.35,-1.52,-8.89,-0.88,-3.10
-15.07,-6.44,-1.40,-8.93,-0.89,-3.19
-14.85,-6.55,-1.33,-8.97,-0.90,-3.28
-14.63,-6.65,-1.26,-9.02,-0.91,-3.36










-1.07,-4.33,0.62,-9.99,0.18,-1.71
-1.03,-4.32,0.63,-9.99,0.18,-1.71
-1.01,-4.30,0.64,-9.99,0.18,-1.70
-0.99,-4.26,0.68,-9.99,0.18,-1.70
-0.96,-4.19,0.70,-9.99,0.17,-1.70
-0.96,-4.12,0.72,-9.99,0.17,-1.70
-0.96,-4.05,0.74,-9.99,0.16,-1.70
-0.96,-3.97,0.76,-9.99,0.14,-1.70
-0.92,-3.88,0.75,-9.99,0.12,-1.69
-0.87,-3.82,0.74,-10.00,0.11,-1.69
-0.85,-3.76,0.73,-10.00,0.10,-1.69
-0.80,-3.72,0.71,-10.00,0.08,-1.69
-0.78,-3.67,0.70,-10.00,0.07,-1.69
-0.77,-3.64,0.69,-10.01,0.06,-1.68
-0.76,-3.64,0.64,-10.00,0.04,-1.68
-0.74,-3.63,0.63,-10.00,0.03,-1.68
-0.72,-3.62,0.62,-10.00,0.01,-1.68
-0.70,-3.59,0.60,-9.99,0.00,-1.67
-0.65,-3.58,0.57,-9.98,-0.00,-1.67
-0.57,-3.56,0.54,-9.97,-0.01,-1.67
-0.51,-3.54,0.51,-9.96,-0.00,-1.67
-0.47,-3.52,0.50,-9.95,0.00,-1.67
-0.47,-3.50,0.50,-9.94,0.01,-1.67
-0.46,-3.47,0.51,-9.93,0.03,-1.66
-0.47,-3.45,0.53,-9.93,0.03,-1.66
-0.49,-3.44,0.55,-9.92,0.04,-1.65
-0.50,-3.40,0.57,-9.91,0.04,-1.65
-0.44,-3.35,0.59,-9.91,0.04,-1.64
-0.39,-3.32,0.61,-9.90,0.05,-1.63
-0.33,-3.28,0.62,-9.90,0.06,-1.62
-0.30,-3.24,0.63,-9.91,0.07,-1.62
-0.23,-3.16,0.67,-9.91,0.09,-1.60
-0.19,-3.11,0.69,-9.92,0.10,-1.59
-0.13,-3.05,0.69,-9.92,0.11,-1.58
-0.06,-3.00,0.67,-9.93,0.13,-1.57
0.03,-2.94,0.65,-9.94,0.15,-1.55
0.09,-2.87,0.65,-9.95,0.16,-1.54
0.12,-2.80,0.66,-9.95,0.18,-1.52
0.15,-2.75,0.66,-9.96,0.19,-1.50
0.17,-2.69,0.66,-9.96,0.20,-1.48
0.17,-2.66,0.67,-9.96,0.21,-1.46
0.17,-2.63,0.68,-9.96,0.20,-1.44
0.19,-2.64,0.68,-9.96,0.20,-1.41
0.23,-2.65,0.69,-9.95,0.19,-1.39
0.25,-2.66,0.71,-9.94,0.18,-1.36
0.26,-2.65,0.74,-9.94,0.17,-1.34
0.27,-2.63,0.76,-9.93,0.16,-1.32
0.28,-2.60,0.81,-9.92,0.14,-1.30
0.30,-2.57,0.85,-9.92,0.13,-1.28
0.32,-2.54,0.86,-9.91,0.11,-1.26
0.36,-2.51,0.88,-9.91,0.10,-1.24
0.43,-2.45,0.90,-9.91,0.10,-1.22
0.45,-2.41,0.91,-9.92,0.09,-1.20
0.45,-2.39,0.93,-9.92,0.09,-1.19
0.45,-2.33,0.98,-9.93,0.09,-1.16
0.45,-2.29,1.01,-9.94,0.09,-1.14
0.42,-2.26,1.03,-9.95,0.09,-1.12
0.41,-2.22,1.05,-9.96,0.08,-1.10
0.41,-2.18,1.07,-9.98,0.08,-1.08
0.42,-2.19,1.10,-9.99,0.07,-1.05
0.43,-2.19,1.11,-10.00,0.07,-1.03
0.43,-2.18,1.13,-10.02,0.06,-1.01
0.43,-2.18,1.13,-10.03,0.05,-0.98
0.44,-2.17,1.12,-10.05,0.05,-0.96
0.48,-2.15,1.10,-10.06,0.05,-0.94
0.50,-2.14,1.09,-10.07,0.05,-0.91
0.54,-2.09,1.07,-10.09,0.05,-0.88
0.56,-2.05,1.04,-10.11,0.05,-0.86
0.56,-2.02,1.02,-10.12,0.05,-0.83
0.56,-2.02,1.02,-10.13,0.06,-0.80
0.57,-1.99,0.99,-10.15,0.06,-0.77
0.59,-1.99,0.96,-10.15,0.06,-0.74
0.59,-1.98,0.96,-10.16,0.06,-0.71
0.58,-1.97,0.95,-10.16,0.06,-0.68
0.56,-1.95,0.94,-10.17,0.06,-0.64
0.54,-1.93,0.93,-10.17,0.05,-0.62
0.53,-1.93,0.93,-10.18,0.05,-0.59
0.50,-1.93,0.90,-10.18,0.04,-0.56
0.46,-1.93,0.89,-10.18,0.04,-0.52
0.44,-1.94,0.88,-10.18,0.04,-0.50
0.40,-1.96,0.88,-10.19,0.03,-0.47
0.37,-1.97,0.88,-10.19,0.03,-0.45
0.31,-1.96,0.88,-10.19,0.02,-0.42
0.27,-1.96,0.87,-10.20,0.02,-0.40
0.24,-1.98,0.87,-10.20,0.01,-0.38
0.21,-1.98,0.86,-10.20,0.01,-0.37
0.14,-1.98,0.84,-10.21,0.00,-0.36
0.09,-1.99,0.82,-10.21,-0.00,-0.35
0.03,-2.00,0.81,-10.21,-0.01,-0.34
-0.02,-2.03,0.81,-10.21,-0.02,-0.33
-0.04,-2.05,0.78,-10.22,-0.03,-0.33
-0.05,-2.07,0.77,-10.22,-0.03,-0.33
-0.06,-2.07,0.77,-10.22,-0.04,-0.33
-0.08,-2.08,0.74,-10.22,-0.04,-0.33
-0.13,-2.10,0.72,-10.22,-0.04,-0.34
-0.15,-2.10,0.71,-10.22,-0.04,-0.34
-0.19,-2.10,0.69,-10.22,-0.04,-0.35
-0.24,-2.08,0.67,-10.22,-0.04,-0.35
-0.25,-2.07,0.64,-10.21,-0.05,-0.36
-0.25,-2.07,0.63,-10.21,-0.05,-0.36










3.58,-1.02,1.30,-10.31,0.39,-0.10
3.94,-0.95,1.36,-10.32,0.44,-0.08
4.38,-0.83,1.41,-10.34,0.51,-0.03
4.68,-0.73,1.46,-10.36,0.55,0.03
4.99,-0.57,1.50,-10.38,0.59,0.10
5.31,-0.41,1.52,-10.40,0.62,0.20
5.81,-0.17,1.62,-10.44,0.65,0.36
6.22,0.05,1.70,-10.48,0.66,0.51
6.63,0.24,1.82,-10.51,0.67,0.69
7.03,0.41,1.95,-10.55,0.67,0.89
7.60,0.58,2.12,-10.60,0.65,1.20
8.05,0.69,2.24,-10.63,0.64,1.47
8.51,0.80,2.37,-10.67,0.64,1.75
8.94,0.92,2.49,-10.72,0.64,2.06
9.50,1.07,2.69,-10.79,0.66,2.48
9.89,1.17,2.87,-10.85,0.69,2.81
10.18,1.27,3.04,-10.92,0.73,3.15
10.35,1.42,3.28,-11.03,0.79,3.60
10.32,1.52,3.50,-11.12,0.82,3.94
10.17,1.63,3.69,-11.22,0.83,4.29
9.97,1.77,3.89,-11.34,0.82,4.65
9.70,1.99,4.13,-11.50,0.78,5.12
9.47,2.12,4.31,-11.63,0.74,5.46
9.17,2.22,4.46,-11.76,0.68,5.80
8.79,2.29,4.55,-11.89,0.62,6.13
8.19,2.33,4.62,-12.06,0.51,6.56
7.66,2.35,4.63,-12.19,0.43,6.88
7.01,2.33,4.61,-12.32,0.33,7.19
6.28,2.29,4.59,-12.44,0.22,7.48
5.20,2.24,4.55,-12.59,0.04,7.86
4.41,2.18,4.49,-12.71,-0.10,8.14
3.65,2.10,4.30,-12.82,-0.25,8.40
2.95,2.05,4.13,-12.92,-0.40,8.45
2.04,1.96,3.90,-13.06,-0.58,8.45
1.39,1.87,3.64,-13.16,-0.70,8.45
0.75,1.73,3.32,-13.25,-0.80,8.45
0.06,1.55,2.97,-13.34,-0.88,8.45
-0.76,1.33,2.48,-13.46,-0.97,8.45
-1.33,1.22,2.10,-13.54,-1.00,8.45
-1.94,1.12,1.73,-13.62,-1.02,8.45
-2.59,1.05,1.38,-13.70,-1.01,8.45
-3.46,0.93,0.93,-13.79,-0.99,8.45
-4.07,0.85,0.57,-13.86,-0.96,8.45
-4.70,0.74,0.23,-13.92,-0.92,8.45
-5.33,0.63,-0.08,-13.97,-0.87,8.45
-6.16,0.44,-0.53,-14.03,-0.80,8.45
-6.79,0.30,-0.88,-14.06,-0.74,8.45
-7.41,0.12,-1.21,-14.08,-0.67,8.45
-8.04,-0.06,-1.55,-14.09,-0.61,8.45
-8.85,-0.27,-2.01,-14.09,-0.52,8.45
-9.44,-0.40,-2.35,-14.08,-0.44,8.45
-9.99,-0.55,-2.72,-14.06,-0.36,8.45
-10.75,-0.77,-3.20,-14.02,-0.25,8.45
-11.24,-0.95,-3.58,-13.99,-0.15,8.45
-11.72,-1.13,-3.99,-13.94,-0.05,8.45
-12.16,-1.39,-4.38,-13.89,0.08,8.45
-12.87,-1.72,-4.83,-13.81,0.25,8.45
-13.53,-1.95,-5.16,-13.73,0.38,8.45
-14.26,-2.21,-5.42,-13.64,0.50,8.45
-14.98,-2.48,-5.60,-13.55,0.59,8.45
-15.88,-2.90,-5.86,-13.40,0.67,8.45
-16.16,-3.20,-6.18,-13.27,0.71,8.45
-16.47,-3.46,-6.53,-13.14,0.78,8.30
-16.96,-3.71,-6.87,-13.00,0.86,7.95
-17.75,-4.04,-7.10,-12.80,0.96,7.47
-18.48,-4.26,-7.14,-12.63,1.00,7.11
-19.21,-4.45,-7.04,-12.46,0.99,6.73
-19.75,-4.63,-7.00,-12.28,0.93,6.36
-20.00,-4.82,-7.15,-12.03,0.83,5.84
-20.00,-4.95,-7.19,-11.84,0.76,5.44
-20.00,-5.05,-7.28,-11.65,0.68,5.04
-20.00,-5.16,-7.24,-11.45,0.59,4.63
-20.00,-5.29,-7.10,-11.19,0.42,4.07
-20.00,-5.41,-6.93,-10.98,0.28,3.66
-20.00,-5.52,-6.83,-10.77,0.13,3.24
-20.00,-5.62,-6.77,-10.57,-0.01,2.83
-20.00,-5.73,-6.69,-10.30,-0.15,2.29
-20.00,-5.79,-6.59,-10.11,-0.24,1.88
-20.00,-5.80,-6.40,-9.93,-0.30,1.48
-20.00,-5.77,-6.15,-9.77,-0.36,1.09
-20.00,-5.64,-5.73,-9.58,-0.44,0.58
-20.00,-5.54,-5.41,-9.45,-0.50,0.21
-20.00,-5.47,-5.09,-9.35,-0.57,-0.14
-20.00,-5.43,-4.81,-9.26,-0.62,-0.47
-20.00,-5.42,-4.46,-9.15,-0.68,-0.89
-20.00,-5.46,-4.25,-9.08,-0.71,-1.19
-20.00,-5.54,-4.03,-9.02,-0.74,-1.46
-19.72,-5.62,-3.78,-8.96,-0.76,-1.72
-19.23,-5.74,-3.45,-8.89,-0.78,-2.04
-18.85,-5.84,-3.21,-8.85,-0.80,-2.26
-18.47,-5.92,-2.95,-8.81,-0.81,-2.47
-17.93,-6.02,-2.63,-8.76,-0.82,-2.72
-17.55,-6.09,-2.39,-8.74,-0.83,-2.90
-17.17,-6.14,-2.15,-8.73,-0.83,-3.07
-16.79,-6.21,-1.92,-8.72,-0.84,-3.23
-16.27,-6.29,-1.68,-8.73,-0.84,-3.43
-15.94,-6.36,-1.52,-8.74,-0.84,-3.57
-15.61,-6.41,-1.41,-8.76,-0.85,-3.70
-15.31,-6.47,-1.28,-8.78,-0.85,-3.83
-14.93,-6.55,-1.12,-8.82,-0.86,-3.99










4.80,0.20,1.67,-10.08,0.09,0.07
5.13,0.25,1.68,-10.10,0.09,0.16
5.45,0.32,1.72,-10.12,0.08,0.25
5.78,0.43,1.75,-10.15,0.07,0.37
6.28,0.59,1.77,-10.20,0.05,0.55
6.65,0.72,1.78,-10.23,0.05,0.70
7.02,0.81,1.77,-10.27,0.05,0.87
7.35,0.89,1.73,-10.31,0.06,1.05
7.72,0.96,1.70,-10.37,0.08,1.33
7.90,1.02,1.67,-10.42,0.10,1.55
8.03,1.08,1.66,-10.46,0.12,1.79
8.15,1.15,1.65,-10.52,0.13,2.14
8.21,1.17,1.60,-10.57,0.14,2.42
8.27,1.21,1.56,-10.61,0.16,2.70
8.26,1.28,1.54,-10.66,0.17,2.98
8.11,1.37,1.51,-10.73,0.20,3.37
7.86,1.44,1.49,-10.78,0.21,3.66
7.60,1.53,1.46,-10.84,0.22,3.94
7.26,1.70,1.43,-10.91,0.23,4.22
6.75,1.83,1.45,-11.00,0.23,4.58
6.32,1.87,1.53,-11.08,0.23,4.84
5.89,1.89,1.56,-11.16,0.22,5.09
5.40,1.89,1.56,-11.24,0.22,5.34
4.64,1.77,1.55,-11.36,0.19,5.65
4.05,1.66,1.58,-11.44,0.15,5.88
3.46,1.56,1.59,-11.52,0.10,6.11
2.91,1.47,1.60,-11.60,0.04,6.33
2.29,1.36,1.58,-11.70,-0.05,6.61
1.85,1.29,1.60,-11.76,-0.11,6.81
1.40,1.21,1.59,-11.83,-0.18,7.01
0.92,1.15,1.57,-11.89,-0.24,7.20
0.30,1.02,1.47,-11.96,-0.32,7.45
-0.11,0.93,1.41,-12.02,-0.37,7.63
-0.50,0.84,1.33,-12.09,-0.42,7.80
-0.85,0.75,1.24,-12.15,-0.46,7.96
-1.30,0.62,1.07,-12.23,-0.49,8.17
-1.66,0.53,0.96,-12.29,-0.49,8.31
-2.02,0.44,0.80,-12.36,-0.47,8.44
-2.42,0.36,0.66,-12.43,-0.45,8.45
-3.03,0.25,0.43,-12.52,-0.40,8.45
-3.49,0.17,0.27,-12.59,-0.37,8.45
-3.95,0.10,0.10,-12.66,-0.33,8.45
-4.55,0.00,-0.11,-12.75,-0.28,8.45
-4.96,-0.09,-0.30,-12.81,-0.24,8.45
-5.35,-0.22,-0.51,-12.87,-0.20,8.45
-5.72,-0.38,-0.70,-12.92,-0.16,8.45
-6.22,-0.62,-0.95,-12.97,-0.09,8.45
-6.61,-0.80,-1.17,-13.00,-0.04,8.45
-6.98,-1.00,-1.40,-13.02,0.01,8.45
-7.36,-1.19,-1.64,-13.04,0.07,8.45
-7.86,-1.43,-1.95,-13.04,0.14,8.45
-8.24,-1.59,-2.15,-13.04,0.20,8.45
-8.59,-1.76,-2.37,-13.03,0.26,8.45
-8.95,-1.92,-2.57,-13.01,0.32,8.45
-9.44,-2.15,-2.83,-12.98,0.41,8.45
-9.78,-2.30,-3.00,-12.95,0.47,8.45
-10.11,-2.48,-3.17,-12.92,0.55,8.45
-10.48,-2.64,-3.33,-12.88,0.62,8.45
-11.01,-2.84,-3.53,-12.82,0.72,8.45
-11.42,-2.98,-3.66,-12.78,0.78,8.45
-11.84,-3.15,-3.81,-12.73,0.85,8.45
-12.21,-3.26,-3.98,-12.67,0.91,8.45
-12.78,-3.31,-4.25,-12.59,1.01,8.45
-13.21,-3.40,-4.39,-12.52,1.09,8.40
-13.64,-3.54,-4.49,-12.45,1.16,8.30
-14.02,-3.69,-4.63,-12.38,1.21,8.18
-14.40,-3.88,-4.89,-12.28,1.29,8.01
-14.58,-4.08,-5.19,-12.20,1.37,7.85
-14.93,-4.29,-5.48,-12.11,1.46,7.67
-15.44,-4.51,-5.81,-12.02,1.55,7.47
-16.15,-4.91,-5.85,-11.90,1.62,7.18
-16.77,-5.16,-5.86,-11.80,1.62,6.94
-17.35,-5.39,-5.88,-11.69,1.58,6.69
-17.83,-5.65,-5.78,-11.57,1.52,6.43
-18.43,-5.91,-5.82,-11.38,1.40,6.08
-18.67,-6.13,-5.82,-11.23,1.30,5.81
-18.86,-6.34,-5.87,-11.08,1.21,5.53
-18.98,-6.59,-5.94,-10.86,1.11,5.15
-19.13,-6.72,-6.00,-10.69,1.06,4.86
-19.34,-6.84,-6.01,-10.53,1.01,4.56
-19.50,-6.93,-5.98,-10.37,0.97,4.26
-19.67,-7.03,-5.92,-10.17,0.90,3.84
-19.88,-6.98,-5.85,-10.02,0.86,3.53
-20.00,-6.91,-5.71,-9.87,0.80,3.22
-20.00,-6.85,-5.47,-9.73,0.72,2.90
-20.00,-6.75,-5.16,-9.54,0.60,2.48
-20.00,-6.67,-4.98,-9.40,0.50,2.16
-20.00,-6.58,-4.84,-9.28,0.39,1.85
-20.00,-6.49,-4.69,-9.16,0.29,1.54
-20.00,-6.45,-4.46,-9.03,0.18,1.12
-20.00,-6.41,-4.30,-8.95,0.12,0.81
-20.00,-6.37,-4.11,-8.88,0.07,0.50
-20.00,-6.38,-3.91,-8.83,0.03,0.20
-20.00,-6.45,-3.65,-8.77,-0.02,-0.21
-20.00,-6.55,-3.40,-8.74,-0.06,-0.51
-19.93,-6.71,-3.16,-8.71,-0.10,-0.81
-19.85,-6.89,-2.92,-8.68,-0.16,-1.10
-19.74,-7.18,-2.63,-8.65,-0.27,-1.49
-19.66,-7.38,-2.42,-8.63,-0.36,-1.78
-19.54,-7.54,-2.26,-8.60,-0.46,-2.06










4.97,1.23,1.12,-10.32,0.64,1.22
5.18,1.25,1.20,-10.34,0.65,1.37
5.42,1.27,1.31,-10.35,0.66,1.53
5.67,1.29,1.43,-10.38,0.66,1.76
5.83,1.28,1.52,-10.40,0.65,1.93
6.01,1.27,1.61,-10.42,0.65,2.11
6.22,1.25,1.72,-10.45,0.64,2.36
6.40,1.22,1.77,-10.48,0.63,2.54
6.50,1.20,1.87,-10.50,0.63,2.72
6.54,1.18,1.95,-10.53,0.62,2.91
6.61,1.16,2.07,-10.57,0.60,3.16
6.74,1.20,2.10,-10.61,0.58,3.34
6.91,1.26,2.12,-10.65,0.58,3.53
7.06,1.32,2.18,-10.69,0.58,3.72
7.24,1.41,2.29,-10.76,0.59,3.97
7.28,1.47,2.38,-10.82,0.60,4.17
7.28,1.53,2.49,-10.88,0.59,4.38
7.22,1.63,2.59,-10.95,0.58,4.60
7.07,1.78,2.65,-11.05,0.53,4.92
6.82,1.93,2.63,-11.13,0.49,5.17
6.59,2.03,2.65,-11.23,0.43,5.43
6.40,2.19,2.68,-11.33,0.35,5.70
6.08,2.42,2.68,-11.46,0.26,6.07
5.88,2.52,2.65,-11.57,0.20,6.34
5.70,2.57,2.56,-11.68,0.14,6.60
5.48,2.56,2.42,-11.80,0.11,6.86
5.07,2.41,2.25,-11.94,0.08,7.20
4.63,2.22,2.15,-12.04,0.07,7.44
4.11,2.00,2.08,-12.14,0.06,7.68
3.55,1.81,2.03,-12.22,0.05,7.90
2.74,1.57,1.92,-12.33,0.01,8.19
2.11,1.38,1.84,-12.39,-0.03,8.39
1.46,1.21,1.74,-12.46,-0.09,8.45
0.85,1.07,1.64,-12.52,-0.15,8.45
-0.01,0.84,1.50,-12.59,-0.24,8.45
-0.60,0.67,1.39,-12.64,-0.31,8.45
-1.18,0.50,1.26,-12.69,-0.38,8.45
-1.72,0.33,1.08,-12.74,-0.44,8.45
-2.41,0.11,0.87,-12.80,-0.51,8.45
-2.91,-0.04,0.70,-12.85,-0.55,8.45
-3.41,-0.20,0.53,-12.90,-0.58,8.45
-4.08,-0.40,0.29,-12.97,-0.59,8.45
-4.61,-0.53,0.14,-13.01,-0.60,8.45
-5.12,-0.64,-0.02,-13.06,-0.60,8.45
-5.61,-0.77,-0.19,-13.11,-0.59,8.45
-6.18,-0.93,-0.47,-13.17,-0.55,8.45
-6.59,-1.05,-0.68,-13.22,-0.51,8.45
-7.00,-1.18,-0.88,-13.25,-0.45,8.45
-7.41,-1.32,-1.09,-13.29,-0.38,8.45
-7.99,-1.50,-1.40,-13.32,-0.28,8.45
-8.43,-1.66,-1.62,-13.34,-0.19,8.45
-8.85,-1.82,-1.85,-13.36,-0.10,8.45
-9.29,-1.93,-2.05,-13.37,0.00,8.45
-9.94,-2.05,-2.35,-13.37,0.14,8.45
-10.45,-2.15,-2.58,-13.37,0.24,8.45
-10.94,-2.28,-2.81,-13.35,0.34,8.45
-11.34,-2.46,-3.06,-13.33,0.43,8.45
-11.15,-2.80,-3.87,-13.28,0.61,8.45
-11.12,-3.04,-4.61,-13.23,0.85,8.45
-11.51,-3.33,-5.19,-13.18,1.15,8.45
-12.19,-3.72,-5.56,-13.13,1.46,8.45
-13.27,-4.18,-5.94,-13.04,1.83,8.43
-14.14,-4.54,-6.00,-12.97,2.05,8.16
-15.02,-4.81,-6.16,-12.87,2.21,7.88
-15.96,-5.05,-6.21,-12.77,2.33,7.59
-17.26,-5.31,-6.18,-12.60,2.37,7.18
-17.91,-5.59,-6.14,-12.46,2.33,6.86
-18.46,-5.86,-6.11,-12.30,2.27,6.53
-18.94,-6.07,-6.19,-12.13,2.17,6.20
-19.43,-6.32,-6.33,-11.91,2.01,5.74
-19.72,-6.47,-6.29,-11.73,1.88,5.40
-19.98,-6.59,-6.26,-11.56,1.73,5.05
-20.00,-6.63,-6.21,-11.39,1.58,4.70
-20.00,-6.64,-6.10,-11.16,1.37,4.23
-20.00,-6.64,-5.98,-11.00,1.21,3.87
-20.00,-6.63,-5.89,-10.84,1.06,3.52
-20.00,-6.56,-5.80,-10.64,0.86,3.06
-20.00,-6.51,-5.70,-10.50,0.72,2.71
-20.00,-6.50,-5.60,-10.37,0.58,2.36
-20.00,-6.51,-5.49,-10.24,0.45,2.02
-20.00,-6.56,-5.33,-10.08,0.29,1.57
-20.00,-6.59,-5.23,-9.97,0.18,1.24
-20.00,-6.61,-5.09,-9.86,0.07,0.92
-20.00,-6.60,-4.93,-9.76,-0.03,0.60
-20.00,-6.58,-4.68,-9.64,-0.17,0.19
-20.00,-6.57,-4.52,-9.55,-0.28,-0.11
-20.00,-6.57,-4.33,-9.47,-0.39,-0.40
-20.00,-6.60,-4.16,-9.40,-0.49,-0.68
-19.81,-6.64,-3.91,-9.31,-0.61,-1.04
-19.54,-6.68,-3.76,-9.25,-0.70,-1.30
-19.27,-6.70,-3.59,-9.19,-0.78,-1.56
-19.00,-6.72,-3.41,-9.15,-0.84,-1.80
-18.64,-6.72,-3.19,-9.10,-0.93,-2.12
-18.38,-6.75,-3.01,-9.07,-0.99,-2.34
-18.11,-6.76,-2.83,-9.04,-1.05,-2.56
-17.85,-6.77,-2.66,-9.02,-1.11,-2.77
-17.50,-6.80,-2.46,-9.01,-1.18,-3.05
-17.25,-6.81,-2.33,-9.00,-1.24,-3.25
-16.99,-6.84,-2.22,-9.00,-1.30,-3.44
-16.71,-6.88,-2.15,-9.01,-1.36,-3.63










4.74,1.14,0.73,-10.30,0.59,0.70
5.06,1.21,0.80,-10.33,0.60,0.85
5.52,1.31,0.87,-10.37,0.61,1.08
5.83,1.41,0.88,-10.41,0.62,1.27
6.13,1.49,0.90,-10.46,0.64,1.47
6.43,1.58,0.89,-10.51,0.68,1.68
6.73,1.68,0.86,-10.58,0.73,1.99
6.88,1.75,0.86,-10.63,0.78,2.22
7.01,1.82,0.86,-10.69,0.83,2.47
7.12,1.90,0.82,-10.75,0.88,2.71
7.32,2.01,0.77,-10.82,0.95,3.05
7.47,2.10,0.72,-10.88,1.01,3.31
7.57,2.18,0.66,-10.94,1.08,3.56
7.58,2.25,0.62,-11.00,1.15,3.82
7.46,2.33,0.63,-11.07,1.24,4.17
7.30,2.38,0.68,-11.12,1.29,4.44
7.10,2.41,0.75,-11.17,1.31,4.70
6.85,2.44,0.83,-11.23,1.33,5.05
6.65,2.42,0.88,-11.27,1.32,5.30
6.44,2.36,0.98,-11.31,1.30,5.55
6.18,2.29,1.10,-11.35,1.27,5.79
5.79,2.22,1.28,-11.39,1.20,6.11
5.55,2.17,1.35,-11.43,1.13,6.35
5.31,2.12,1.44,-11.46,1.05,6.58
5.07,2.11,1.53,-11.50,0.98,6.81
4.61,2.13,1.70,-11.56,0.88,7.11
4.15,2.17,1.83,-11.61,0.79,7.34
3.65,2.20,1.95,-11.67,0.69,7.57
3.19,2.22,2.05,-11.73,0.57,7.80
2.60,2.22,2.17,-11.81,0.40,8.09
2.15,2.18,2.22,-11.88,0.27,8.30
1.73,2.09,2.25,-11.95,0.14,8.45
1.31,1.97,2.27,-12.02,0.01,8.45
0.76,1.76,2.23,-12.11,-0.14,8.45
0.37,1.58,2.13,-12.19,-0.25,8.45
0.05,1.36,1.99,-12.26,-0.34,8.45
-0.24,1.14,1.83,-12.33,-0.41,8.45
-0.72,0.91,1.67,-12.43,-0.47,8.45
-1.10,0.80,1.50,-12.51,-0.50,8.45
-1.50,0.71,1.33,-12.58,-0.51,8.45
-1.89,0.68,1.12,-12.66,-0.50,8.45
-2.46,0.66,0.82,-12.77,-0.47,8.45
-2.93,0.62,0.59,-12.85,-0.43,8.45
-3.20,0.48,0.28,-12.92,-0.35,8.45
-3.52,0.32,-0.09,-12.99,-0.24,8.45
-4.17,0.04,-0.60,-13.07,-0.03,8.45
-4.90,-0.20,-0.96,-13.13,0.15,8.45
-5.73,-0.49,-1.24,-13.18,0.33,8.45
-6.68,-0.68,-1.45,-13.22,0.51,8.45
-7.83,-0.92,-1.70,-13.27,0.71,8.45
-8.64,-1.10,-1.93,-13.30,0.86,8.45
-9.41,-1.29,-2.21,-13.32,1.00,8.45
-10.34,-1.67,-2.70,-13.34,1.19,8.45
-11.05,-2.06,-3.17,-13.34,1.35,8.45
-11.86,-2.56,-3.68,-13.32,1.51,8.45
-12.71,-3.14,-4.22,-13.28,1.68,8.45
-13.78,-3.94,-4.84,-13.20,1.89,8.45
-14.63,-4.47,-5.32,-13.12,2.05,8.45
-15.58,-4.88,-5.69,-13.03,2.18,8.45
-16.52,-5.22,-5.96,-12.92,2.28,8.45
-17.79,-5.71,-6.08,-12.75,2.33,8.02
-18.67,-6.12,-6.13,-12.60,2.32,7.62
-19.49,-6.47,-6.20,-12.43,2.26,7.20
-20.00,-6.72,-6.20,-12.25,2.15,6.77
-20.00,-6.93,-6.19,-12.00,1.96,6.18
-20.00,-7.10,-6.13,-11.80,1.77,5.73
-20.00,-7.29,-6.06,-11.60,1.57,5.28
-20.00,-7.45,-5.92,-11.40,1.34,4.82
-20.00,-7.60,-5.71,-11.14,1.03,4.20
-20.00,-7.66,-5.59,-10.94,0.80,3.74
-20.00,-7.66,-5.47,-10.75,0.59,3.29
-20.00,-7.66,-5.33,-10.58,0.40,2.83
-20.00,-7.61,-5.11,-10.36,0.18,2.24
-20.00,-7.56,-4.91,-10.22,0.04,1.80
-20.00,-7.50,-4.68,-10.09,-0.08,1.38
-20.00,-7.38,-4.44,-9.98,-0.18,0.97
-20.00,-7.20,-4.11,-9.85,-0.31,0.45
-20.00,-7.10,-3.80,-9.77,-0.40,0.08
-20.00,-7.04,-3.50,-9.69,-0.49,-0.27
-20.00,-7.02,-3.22,-9.63,-0.58,-0.61
-19.76,-7.01,-2.89,-9.56,-0.71,-1.02
-19.36,-7.02,-2.67,-9.51,-0.79,-1.31
-18.93,-7.03,-2.50,-9.47,-0.87,-1.58
-18.46,-7.05,-2.33,-9.44,-0.94,-1.83
-17.82,-7.07,-2.13,-9.41,-1.00,-2.14
-17.36,-7.08,-1.99,-9.40,-1.02,-2.36
-16.91,-7.09,-1.84,-9.39,-1.03,-2.55
-16.37,-7.11,-1.64,-9.39,-1.03,-2.80
-16.01,-7.13,-1.49,-9.39,-1.03,-2.97
-15.68,-7.15,-1.34,-9.40,-1.02,-3.13
-15.38,-7.18,-1.22,-9.40,-1.02,-3.28
-15.00,-7.23,-1.10,-9.41,-1.03,-3.46
-14.71,-7.28,-1.05,-9.42,-1.04,-3.59
-14.39,-7.31,-1.05,-9.42,-1.06,-3.72
-14.08,-7.35,-1.06,-9.43,-1.07,-3.84
-13.69,-7.38,-1.10,-9.44,-1.09,-3.99
-13.44,-7.38,-1.12,-9.45,-1.09,-4.10
-13.19,-7.40,-1.15,-9.45,-1.10,-4.20
-12.94,-7.41,-1.17,-9.45,-1.11,-4.31
-12.62,-7.42,-1.21,-9.45,-1.11,-4.44










5.77,0.90,0.99,-10.33,0.35,0.48
6.14,1.07,1.02,-10.34,0.38,0.65
6.47,1.27,1.09,-10.36,0.41,0.84
6.90,1.52,1.17,-10.40,0.45,1.13
7.29,1.70,1.23,-10.43,0.48,1.36
7.72,1.85,1.30,-10.47,0.52,1.61
8.18,2.00,1.34,-10.51,0.56,1.88
8.77,2.21,1.41,-10.58,0.64,2.25
9.14,2.40,1.50,-10.63,0.71,2.55
9.43,2.60,1.61,-10.70,0.78,2.86
9.60,2.81,1.77,-10.77,0.84,3.18
9.77,3.05,1.95,-10.87,0.91,3.63
9.90,3.22,2.06,-10.95,0.94,3.96
9.96,3.35,2.18,-11.03,0.97,4.30
9.99,3.43,2.29,-11.12,0.99,4.64
9.83,3.53,2.47,-11.24,0.98,5.09
9.64,3.56,2.61,-11.33,0.95,5.42
9.44,3.59,2.74,-11.42,0.90,5.75
9.22,3.59,2.84,-11.50,0.82,6.07
8.81,3.60,2.97,-11.61,0.71,6.49
8.43,3.58,3.04,-11.68,0.60,6.79
8.03,3.53,3.11,-11.75,0.49,7.08
7.56,3.49,3.17,-11.82,0.37,7.37
6.80,3.46,3.24,-11.90,0.19,7.74
6.10,3.42,3.32,-11.97,0.05,8.02
5.32,3.35,3.38,-12.03,-0.11,8.29
4.50,3.28,3.46,-12.10,-0.27,8.45
3.36,3.20,3.53,-12.19,-0.52,8.45
2.48,3.16,3.53,-12.26,-0.72,8.45
1.58,3.16,3.49,-12.34,-0.93,8.45
0.45,3.16,3.36,-12.45,-1.23,8.45
-0.34,3.14,3.23,-12.54,-1.45,8.45
-1.08,3.09,3.05,-12.63,-1.65,8.45
-1.80,3.01,2.83,-12.72,-1.84,8.45
-2.70,2.82,2.50,-12.84,-2.06,8.45
-3.31,2.63,2.19,-12.93,-2.19,8.45
-3.83,2.42,1.84,-13.02,-2.29,8.45
-4.24,2.24,1.48,-13.10,-2.35,8.45
-4.71,2.02,0.92,-13.20,-2.36,8.45
-5.01,1.86,0.48,-13.27,-2.31,8.45
-5.32,1.69,0.07,-13.32,-2.20,8.45
-5.75,1.53,-0.32,-13.37,-2.06,8.45
-6.38,1.28,-0.96,-13.42,-1.82,8.45
-6.83,1.05,-1.48,-13.45,-1.61,8.45
-6.83,0.82,-2.15,-13.46,-1.35,8.45
-6.94,0.62,-2.93,-13.47,-1.00,8.45
-7.45,0.38,-3.89,-13.48,-0.43,8.45
-8.41,0.20,-4.40,-13.48,0.02,8.45
-9.51,-0.01,-4.77,-13.46,0.45,8.45
-10.65,-0.28,-5.05,-13.44,0.85,8.45
-12.24,-0.72,-5.31,-13.38,1.30,8.45
-13.15,-1.17,-5.69,-13.32,1.58,8.45
-13.95,-1.66,-6.20,-13.24,1.85,8.45
-14.84,-2.03,-6.69,-13.15,2.12,8.45
-16.14,-2.45,-7.05,-13.02,2.44,8.45
-17.21,-2.69,-7.21,-12.90,2.61,8.45
-18.23,-2.93,-7.29,-12.77,2.71,8.45
-19.24,-3.26,-7.30,-12.63,2.75,8.41
-20.00,-3.88,-7.30,-12.40,2.67,7.82
-20.00,-4.36,-7.23,-12.22,2.53,7.36
-20.00,-4.74,-7.17,-12.01,2.34,6.89
-20.00,-5.06,-7.05,-11.79,2.10,6.43
-20.00,-5.31,-7.06,-11.48,1.76,5.83
-20.00,-5.40,-7.01,-11.25,1.51,5.38
-20.00,-5.53,-6.90,-11.02,1.26,4.93
-20.00,-5.69,-6.76,-10.80,1.01,4.48
-20.00,-5.95,-6.58,-10.52,0.67,3.89
-20.00,-6.13,-6.40,-10.31,0.43,3.44
-20.00,-6.21,-6.19,-10.10,0.20,3.01
-20.00,-6.19,-5.86,-9.85,-0.06,2.44
-20.00,-6.13,-5.61,-9.68,-0.25,2.03
-20.00,-6.11,-5.39,-9.52,-0.41,1.62
-20.00,-6.10,-5.10,-9.39,-0.53,1.22
-20.00,-6.06,-4.71,-9.25,-0.66,0.70
-20.00,-6.05,-4.36,-9.16,-0.73,0.33
-20.00,-6.05,-4.02,-9.10,-0.78,-0.02
-20.00,-6.08,-3.66,-9.05,-0.83,-0.36
-20.00,-6.13,-3.21,-9.00,-0.88,-0.79
-20.00,-6.17,-2.91,-8.98,-0.92,-1.09
-20.00,-6.22,-2.61,-8.98,-0.95,-1.38
-19.74,-6.29,-2.38,-8.97,-0.98,-1.65
-19.27,-6.42,-2.10,-8.98,-1.01,-1.99
-18.92,-6.55,-1.91,-8.99,-1.03,-2.23
-18.56,-6.67,-1.73,-9.00,-1.05,-2.46
-18.19,-6.79,-1.58,-9.01,-1.07,-2.68
-17.71,-6.95,-1.42,-9.04,-1.09,-2.96
-17.34,-7.04,-1.31,-9.05,-1.11,-3.16
-16.99,-7.13,-1.19,-9.07,-1.13,-3.35
-16.64,-7.23,-1.11,-9.09,-1.14,-3.53
-16.16,-7.35,-1.00,-9.12,-1.16,-3.76
-15.82,-7.45,-0.93,-9.15,-1.18,-3.93
-15.49,-7.53,-0.85,-9.17,-1.20,-4.09
-15.18,-7.60,-0.79,-9.20,-1.23,-4.24
-14.73,-7.72,-0.71,-9.23,-1.27,-4.43
-14.35,-7.82,-0.68,-9.25,-1.30,-4.57
-13.97,-7.92,-0.70,-9.28,-1.33,-4.70
-13.58,-8.01,-0.71,-9.30,-1.36,-4.83
-13.04,-8.11,-0.75,-9.33,-1.39,-5.00
-12.60,-8.24,-0.81,-9.36,-1.40,-5.11
-12.25,-8.39,-0.85,-9.38,-1.41,-5.23










4.39,1.09,0.90,-10.24,0.42,-0.02
4.64,1.30,0.96,-10.26,0.45,0.10
4.97,1.43,1.01,-10.28,0.46,0.24
5.37,1.52,1.01,-10.31,0.47,0.40
5.95,1.64,0.99,-10.34,0.48,0.64
6.37,1.74,0.96,-10.37,0.49,0.84
6.80,1.83,0.93,-10.40,0.52,1.06
7.24,1.93,0.90,-10.43,0.56,1.30
7.84,2.07,0.89,-10.48,0.63,1.65
8.26,2.18,0.91,-10.52,0.70,1.92
8.66,2.28,0.94,-10.56,0.79,2.19
8.95,2.39,1.03,-10.61,0.88,2.47
9.11,2.55,1.24,-10.68,1.00,2.86
9.13,2.67,1.41,-10.74,1.07,3.16
9.14,2.78,1.59,-10.81,1.13,3.46
9.22,2.88,1.73,-10.88,1.16,3.77
9.34,2.96,1.93,-10.99,1.21,4.18
9.31,3.01,2.11,-11.08,1.24,4.48
9.14,3.05,2.31,-11.16,1.25,4.80
8.96,3.10,2.49,-11.25,1.23,5.11
8.78,3.12,2.71,-11.38,1.19,5.54
8.61,3.16,2.89,-11.47,1.14,5.86
8.49,3.21,3.07,-11.56,1.07,6.17
8.25,3.27,3.30,-11.68,0.98,6.59
7.97,3.30,3.49,-11.78,0.90,6.90
7.58,3.37,3.62,-11.87,0.81,7.21
7.14,3.46,3.74,-11.97,0.70,7.51
6.50,3.61,3.85,-12.11,0.52,7.91
6.07,3.75,3.90,-12.21,0.37,8.19
5.66,3.86,3.97,-12.31,0.22,8.45
5.20,3.96,3.98,-12.42,0.05,8.45
4.42,4.02,3.96,-12.56,-0.18,8.45
3.82,3.98,3.94,-12.67,-0.37,8.45
3.28,3.87,3.87,-12.77,-0.56,8.45
2.79,3.71,3.73,-12.87,-0.76,8.45
2.23,3.43,3.45,-12.99,-0.99,8.45
1.84,3.21,3.19,-13.08,-1.14,8.45
1.42,2.98,2.91,-13.16,-1.26,8.45
0.95,2.77,2.60,-13.24,-1.35,8.45
0.25,2.51,2.22,-13.34,-1.42,8.45
-0.40,2.38,1.96,-13.41,-1.44,8.45
-1.12,2.29,1.70,-13.48,-1.44,8.45
-1.89,2.23,1.43,-13.54,-1.42,8.45
-2.95,2.18,1.03,-13.62,-1.37,8.45
-3.79,2.14,0.74,-13.67,-1.32,8.45
-4.68,2.11,0.41,-13.72,-1.26,8.45
-5.55,2.03,0.04,-13.76,-1.18,8.45
-6.72,1.97,-0.46,-13.81,-1.05,8.45
-7.49,1.84,-0.90,-13.84,-0.94,8.45
-8.13,1.68,-1.40,-13.85,-0.80,8.45
-8.80,1.48,-1.95,-13.85,-0.62,8.45
-9.65,1.11,-2.81,-13.83,-0.32,8.45
-10.13,0.82,-3.61,-13.82,-0.03,8.45
-10.87,0.46,-4.37,-13.79,0.31,8.45
-12.38,-0.12,-5.07,-13.76,0.76,8.45
-13.75,-0.53,-5.39,-13.73,1.05,8.45
-15.14,-0.86,-5.60,-13.68,1.27,8.45
-16.44,-1.13,-5.73,-13.60,1.43,8.45
-17.98,-1.43,-5.97,-13.47,1.55,8.45
-18.96,-1.64,-6.25,-13.34,1.61,8.45
-19.80,-1.88,-6.60,-13.20,1.65,8.45
-20.00,-2.13,-6.94,-13.04,1.68,8.45
-20.00,-2.51,-7.21,-12.82,1.68,8.45
-20.00,-2.80,-7.24,-12.64,1.64,8.15
-20.00,-3.14,-7.12,-12.45,1.54,7.68
-20.00,-3.43,-7.32,-12.25,1.43,7.20
-20.00,-3.74,-7.40,-11.96,1.33,6.54
-20.00,-3.93,-7.50,-11.73,1.27,6.04
-20.00,-4.17,-7.48,-11.51,1.22,5.53
-20.00,-4.40,-7.43,-11.29,1.16,5.02
-20.00,-4.68,-7.26,-10.99,1.08,4.33
-20.00,-4.84,-7.05,-10.78,0.98,3.81
-20.00,-4.99,-6.74,-10.57,0.86,3.29
-20.00,-5.07,-6.41,-10.37,0.70,2.77
-20.00,-5.10,-5.94,-10.12,0.46,2.09
-20.00,-5.10,-5.61,-9.95,0.27,1.59
-20.00,-5.08,-5.28,-9.80,0.08,1.11
-20.00,-5.09,-4.99,-9.66,-0.10,0.64
-20.00,-5.12,-4.60,-9.50,-0.31,0.04
-20.00,-5.13,-4.30,-9.40,-0.45,-0.39
-20.00,-5.11,-3.99,-9.31,-0.58,-0.79
-20.00,-5.09,-3.69,-9.24,-0.70,-1.17
-20.00,-5.11,-3.29,-9.16,-0.83,-1.62
-20.00,-5.13,-3.01,-9.11,-0.91,-1.93
-20.00,-5.18,-2.76,-9.07,-0.97,-2.22
-19.59,-5.24,-2.51,-9.04,-1.02,-2.48
-18.74,-5.37,-2.21,-9.01,-1.05,-2.80
-18.15,-5.49,-1.97,-8.99,-1.05,-3.01
-17.58,-5.64,-1.75,-8.98,-1.05,-3.20
-17.05,-5.79,-1.54,-8.98,-1.03,-3.37
-16.35,-5.98,-1.28,-8.99,-1.01,-3.58
-15.88,-6.12,-1.07,-9.00,-1.00,-3.71
-15.47,-6.23,-0.89,-9.02,-0.98,-3.84
-15.00,-6.36,-0.73,-9.06,-0.97,-3.99
-14.68,-6.46,-0.65,-9.09,-0.97,-4.09
-14.38,-6.59,-0.59,-9.12,-0.97,-4.19
-14.12,-6.72,-0.56,-9.16,-0.98,-4.27
-13.83,-6.89,-0.55,-9.20,-0.99,-4.38
-13.61,-7.02,-0.60,-9.23,-1.01,-4.45
-13.38,-7.17,-0.65,-9.25,-1.02,-4.51










6.08,0.52,1.43,-10.40,0.41,0.61
6.55,0.64,1.55,-10.43,0.50,0.81
7.15,0.79,1.77,-10.47,0.62,1.11
7.58,0.92,1.95,-10.52,0.70,1.36
8.06,1.09,2.13,-10.56,0.78,1.63
8.59,1.29,2.33,-10.62,0.85,1.91
9.21,1.61,2.64,-10.71,0.96,2.32
9.59,1.89,2.91,-10.80,1.03,2.65
9.93,2.16,3.13,-10.89,1.10,3.00
10.31,2.44,3.29,-11.00,1.16,3.35
10.75,2.79,3.53,-11.15,1.25,3.85
10.97,2.99,3.71,-11.29,1.31,4.22
11.14,3.16,3.88,-11.43,1.37,4.60
11.12,3.35,4.08,-11.58,1.41,4.99
10.79,3.61,4.37,-11.79,1.43,5.51
10.42,3.80,4.56,-11.95,1.40,5.90
10.02,3.99,4.68,-12.12,1.35,6.30
9.56,4.14,4.80,-12.28,1.26,6.69
8.83,4.24,4.90,-12.49,1.12,7.20
8.31,4.26,4.95,-12.63,0.99,7.58
7.73,4.22,4.97,-12.77,0.85,7.93
6.77,4.12,4.98,-12.93,0.66,8.39
5.91,4.02,4.98,-13.05,0.50,8.45
4.99,3.88,4.96,-13.15,0.31,8.45
4.06,3.73,4.93,-13.24,0.10,8.45
2.93,3.56,4.82,-13.36,-0.20,8.45
2.22,3.40,4.67,-13.43,-0.43,8.45
1.61,3.22,4.43,-13.51,-0.65,8.45
1.03,3.02,4.14,-13.58,-0.85,8.45
0.30,2.76,3.70,-13.68,-1.05,8.45
-0.24,2.56,3.33,-13.77,-1.16,8.45
-0.68,2.38,2.88,-13.86,-1.23,8.45
-1.14,2.29,2.39,-13.96,-1.24,8.45
-1.83,2.25,1.74,-14.11,-1.20,8.45
-2.39,2.26,1.25,-14.23,-1.12,8.45
-2.96,2.28,0.81,-14.35,-1.00,8.45
-3.65,2.29,0.33,-14.47,-0.87,8.45
-4.72,2.28,-0.23,-14.63,-0.67,8.45
-5.53,2.24,-0.64,-14.74,-0.53,8.45
-6.33,2.20,-1.05,-14.83,-0.40,8.45
-7.13,2.13,-1.47,-14.92,-0.26,8.45
-8.10,2.08,-2.01,-15.00,-0.10,8.45
-8.79,2.02,-2.47,-15.04,0.03,8.45
-9.43,1.91,-2.98,-15.07,0.17,8.45
-10.08,1.75,-3.50,-15.08,0.32,8.45
-10.94,1.47,-4.26,-15.07,0.55,8.45
-11.62,1.25,-4.85,-15.05,0.75,8.45
-12.25,1.00,-5.45,-15.01,0.96,8.45
-12.56,0.73,-6.29,-14.96,1.20,8.45
-13.04,0.34,-7.61,-14.85,1.66,8.45
-13.90,-0.03,-8.68,-14.77,2.06,8.45
-15.29,-0.50,-9.03,-14.68,2.42,8.45
-16.96,-1.00,-9.01,-14.58,2.63,8.45
-18.73,-1.58,-9.28,-14.39,2.76,8.45
-20.00,-1.86,-9.27,-14.21,2.79,8.45
-20.00,-2.09,-9.17,-13.99,2.73,8.45
-20.00,-2.33,-9.25,-13.75,2.61,8.45
-20.00,-2.64,-9.30,-13.39,2.39,8.30
-20.00,-2.89,-9.43,-13.11,2.19,7.78
-20.00,-3.09,-9.49,-12.82,1.97,7.23
-20.00,-3.27,-9.57,-12.44,1.67,6.49
-20.00,-3.36,-9.52,-12.15,1.43,5.92
-20.00,-3.50,-9.40,-11.85,1.20,5.35
-20.00,-3.58,-9.35,-11.56,0.97,4.77
-20.00,-3.77,-9.19,-11.17,0.68,3.99
-20.00,-3.97,-9.01,-10.88,0.47,3.41
-20.00,-4.21,-8.82,-10.59,0.25,2.84
-20.00,-4.45,-8.55,-10.32,0.03,2.27
-20.00,-4.68,-8.02,-9.97,-0.27,1.54
-20.00,-4.75,-7.61,-9.73,-0.49,1.01
-20.00,-4.74,-7.19,-9.51,-0.72,0.50
-20.00,-4.66,-6.77,-9.31,-0.93,0.02
-20.00,-4.52,-6.16,-9.08,-1.18,-0.59
-20.00,-4.41,-5.75,-8.93,-1.34,-1.01
-20.00,-4.34,-5.33,-8.81,-1.47,-1.41
-20.00,-4.32,-4.89,-8.72,-1.57,-1.77
-20.00,-4.47,-4.30,-8.62,-1.65,-2.22
-20.00,-4.59,-3.84,-8.57,-1.69,-2.53
-20.00,-4.66,-3.44,-8.54,-1.69,-2.82
-19.99,-4.66,-2.96,-8.52,-1.70,-3.08
-19.32,-4.78,-2.53,-8.51,-1.75,-3.39
-18.67,-4.91,-2.26,-8.52,-1.75,-3.59
-18.07,-5.04,-2.01,-8.54,-1.73,-3.77
-17.55,-5.15,-1.76,-8.57,-1.70,-3.94
-17.00,-5.23,-1.48,-8.62,-1.66,-4.14
-16.67,-5.31,-1.30,-8.67,-1.66,-4.27
-16.37,-5.38,-1.15,-8.73,-1.67,-4.40
-16.06,-5.49,-1.10,-8.79,-1.70,-4.52
-15.61,-5.66,-1.11,-8.87,-1.76,-4.67
-15.27,-5.78,-1.16,-8.93,-1.80,-4.79
-14.96,-5.92,-1.24,-8.99,-1.84,-4.89
-14.66,-6.02,-1.33,-9.05,-1.87,-4.99
-14.31,-6.15,-1.46,-9.12,-1.89,-5.11
-14.02,-6.19,-1.63,-9.17,-1.91,-5.20
-13.75,-6.29,-1.78,-9.21,-1.91,-5.28
-13.42,-6.56,-1.95,-9.26,-1.90,-5.39
-13.24,-6.78,-2.02,-9.28,-1.88,-5.46
-13.10,-6.94,-2.08,-9.28,-1.87,-5.53
-12.88,-7.05,-2.18,-9.29,-1.86,-5.60
-12.53,-7.16,-2.33,-9.28,-1.82,-5.69










4.47,0.26,1.59,-10.33,0.40,-0.01
5.02,0.35,1.70,-10.37,0.41,0.11
5.47,0.43,1.77,-10.40,0.41,0.23
5.94,0.57,1.86,-10.43,0.41,0.37
6.38,0.75,1.92,-10.47,0.41,0.53
7.02,0.99,2.01,-10.52,0.41,0.78
7.51,1.16,2.06,-10.57,0.41,1.00
7.97,1.34,2.10,-10.62,0.42,1.23
8.51,1.58,2.22,-10.69,0.43,1.58
8.90,1.75,2.31,-10.74,0.44,1.86
9.36,1.92,2.39,-10.80,0.45,2.15
9.89,2.09,2.46,-10.86,0.48,2.45
10.52,2.30,2.57,-10.94,0.55,2.85
10.86,2.42,2.69,-11.01,0.60,3.15
11.06,2.55,2.82,-11.08,0.66,3.45
11.13,2.68,2.99,-11.15,0.70,3.75
11.12,2.81,3.26,-11.25,0.72,4.15
11.06,2.88,3.42,-11.33,0.71,4.45
10.96,2.95,3.60,-11.41,0.68,4.75
10.83,2.99,3.80,-11.49,0.64,5.06
10.55,3.08,4.12,-11.60,0.55,5.47
10.23,3.17,4.36,-11.68,0.46,5.79
9.81,3.27,4.57,-11.78,0.35,6.11
9.27,3.35,4.72,-11.87,0.23,6.44
8.42,3.41,4.86,-12.01,0.05,6.89
7.68,3.45,4.93,-12.13,-0.11,7.23
6.87,3.46,4.90,-12.25,-0.27,7.56
6.05,3.45,4.85,-12.37,-0.45,7.90
5.05,3.42,4.71,-12.54,-0.67,8.32
4.41,3.34,4.50,-12.67,-0.83,8.45
3.94,3.17,4.16,-12.80,-0.97,8.45
3.48,3.02,3.85,-12.93,-1.08,8.45
2.82,2.83,3.47,-13.09,-1.17,8.45
2.30,2.67,3.18,-13.21,-1.20,8.45
1.75,2.48,2.86,-13.32,-1.20,8.45
1.18,2.29,2.49,-13.43,-1.19,8.45
0.32,2.11,2.08,-13.58,-1.16,8.45
-0.37,2.06,1.74,-13.69,-1.13,8.45
-1.09,2.05,1.38,-13.80,-1.10,8.45
-2.00,2.06,0.89,-13.94,-1.05,8.45
-2.70,2.07,0.52,-14.03,-1.00,8.45
-3.42,2.11,0.17,-14.12,-0.95,8.45
-4.18,2.14,-0.21,-14.21,-0.90,8.45
-5.16,2.18,-0.73,-14.31,-0.82,8.45
-5.92,2.20,-1.11,-14.37,-0.76,8.45
-6.64,2.18,-1.53,-14.42,-0.70,8.45
-7.34,2.11,-1.94,-14.46,-0.63,8.45
-8.21,1.98,-2.51,-14.48,-0.52,8.45
-8.77,1.87,-2.98,-14.49,-0.43,8.45
-9.36,1.74,-3.47,-14.49,-0.31,8.45
-9.98,1.62,-4.00,-14.47,-0.17,8.45
-10.87,1.35,-4.68,-14.43,0.06,8.45
-11.69,1.12,-5.23,-14.39,0.24,8.45
-12.57,0.83,-5.73,-14.33,0.41,8.45
-13.44,0.45,-6.19,-14.26,0.58,8.45
-14.65,-0.09,-6.70,-14.13,0.77,8.45
-15.51,-0.50,-7.02,-14.02,0.90,8.45
-16.34,-0.86,-7.37,-13.89,1.01,8.45
-17.03,-1.21,-7.76,-13.74,1.11,8.45
-17.93,-1.57,-8.20,-13.52,1.24,8.45
-18.71,-1.83,-8.38,-13.32,1.34,8.45
-19.55,-2.05,-8.46,-13.12,1.39,8.45
-20.00,-2.25,-8.60,-12.90,1.38,8.34
-20.00,-2.69,-8.75,-12.59,1.35,7.84
-20.00,-2.96,-8.85,-12.34,1.33,7.45
-20.00,-3.20,-8.95,-12.08,1.29,7.04
-20.00,-3.43,-8.94,-11.82,1.24,6.63
-20.00,-3.71,-8.84,-11.46,1.16,6.07
-20.00,-3.95,-8.79,-11.20,1.10,5.63
-20.00,-4.32,-8.72,-10.95,1.02,5.18
-20.00,-4.79,-8.21,-10.65,0.90,4.56
-20.00,-4.90,-7.82,-10.42,0.78,4.09
-20.00,-4.91,-7.51,-10.20,0.64,3.62
-20.00,-4.93,-7.23,-9.98,0.50,3.17
-20.00,-5.00,-6.94,-9.71,0.31,2.57
-20.00,-5.09,-6.69,-9.52,0.18,2.13
-20.00,-5.20,-6.41,-9.35,0.06,1.69
-20.00,-5.26,-6.10,-9.19,-0.04,1.26
-20.00,-5.26,-5.61,-9.00,-0.18,0.71
-20.00,-5.25,-5.17,-8.89,-0.27,0.31
-20.00,-5.22,-4.72,-8.79,-0.37,-0.07
-20.00,-5.18,-4.29,-8.71,-0.47,-0.44
-20.00,-5.17,-3.74,-8.63,-0.61,-0.89
-20.00,-5.22,-3.38,-8.59,-0.69,-1.20
-19.59,-5.27,-3.05,-8.56,-0.77,-1.49
-19.07,-5.35,-2.75,-8.55,-0.83,-1.76
-18.40,-5.53,-2.39,-8.55,-0.88,-2.09
-17.91,-5.66,-2.14,-8.56,-0.90,-2.31
-17.48,-5.77,-1.92,-8.58,-0.91,-2.51
-17.11,-5.84,-1.71,-8.61,-0.91,-2.69
-16.66,-5.89,-1.48,-8.66,-0.90,-2.91
-16.36,-5.93,-1.29,-8.71,-0.90,-3.05
-16.08,-5.94,-1.14,-8.76,-0.89,-3.18
-15.81,-5.92,-1.03,-8.82,-0.89,-3.30
-15.53,-5.86,-0.93,-8.91,-0.90,-3.44
-15.36,-5.81,-0.90,-8.99,-0.91,-3.54
-15.24,-5.74,-0.86,-9.06,-0.92,-3.64
-15.12,-5.69,-0.89,-9.14,-0.95,-3.72
-14.96,-5.71,-0.99,-9.24,-0.98,-3.83
-14.79,-5.83,-1.14,-9.30,-1.01,-3.91










4.06,0.30,1.48,-10.29,0.11,-0.03
4.58,0.56,1.53,-10.32,0.10,0.10
5.01,0.79,1.57,-10.35,0.09,0.22
5.44,1.05,1.62,-10.38,0.08,0.37
5.93,1.30,1.64,-10.41,0.07,0.53
6.64,1.60,1.61,-10.47,0.07,0.78
7.11,1.84,1.57,-10.51,0.08,0.99
7.58,2.06,1.55,-10.55,0.11,1.22
8.01,2.25,1.54,-10.59,0.15,1.45
8.51,2.44,1.52,-10.64,0.21,1.78
8.81,2.52,1.50,-10.68,0.26,2.04
9.04,2.59,1.46,-10.71,0.31,2.29
9.27,2.60,1.46,-10.74,0.35,2.56
9.60,2.59,1.44,-10.78,0.40,2.91
9.80,2.63,1.47,-10.79,0.44,3.17
9.98,2.67,1.57,-10.81,0.47,3.44
10.15,2.72,1.66,-10.82,0.49,3.70
10.33,2.80,1.84,-10.82,0.51,4.07
10.40,2.85,1.94,-10.83,0.52,4.35
10.34,2.93,2.06,-10.83,0.51,4.64
10.15,3.04,2.22,-10.84,0.49,4.94
9.80,3.24,2.44,-10.86,0.43,5.35
9.50,3.38,2.61,-10.89,0.36,5.66
9.16,3.49,2.80,-10.93,0.29,5.97
8.77,3.57,3.01,-10.98,0.21,6.28
8.15,3.61,3.29,-11.07,0.09,6.69
7.62,3.58,3.49,-11.15,-0.02,6.98
7.01,3.51,3.67,-11.23,-0.14,7.28
6.33,3.44,3.84,-11.33,-0.28,7.57
5.42,3.35,4.00,-11.47,-0.49,7.96
4.80,3.29,4.05,-11.58,-0.68,8.25
4.24,3.21,4.02,-11.69,-0.86,8.45
3.58,3.03,3.86,-11.85,-1.10,8.45
3.09,2.88,3.69,-11.98,-1.27,8.45
2.59,2.75,3.57,-12.10,-1.42,8.45
2.06,2.65,3.49,-12.21,-1.54,8.45
1.34,2.50,3.25,-12.36,-1.66,8.45
0.88,2.35,2.97,-12.47,-1.71,8.45
0.45,2.19,2.66,-12.58,-1.74,8.45
-0.05,2.01,2.36,-12.69,-1.73,8.45
-0.80,1.86,1.93,-12.85,-1.66,8.45
-1.45,1.80,1.67,-12.98,-1.58,8.45
-2.15,1.80,1.42,-13.11,-1.48,8.45
-2.85,1.84,1.20,-13.23,-1.36,8.45
-3.78,1.91,0.87,-13.40,-1.19,8.45
-4.46,2.00,0.59,-13.53,-1.05,8.45
-5.16,2.11,0.35,-13.66,-0.91,8.45
-5.86,2.20,0.07,-13.78,-0.77,8.45
-6.75,2.32,-0.33,-13.94,-0.57,8.45
-7.45,2.41,-0.67,-14.06,-0.42,8.45
-8.09,2.50,-1.00,-14.17,-0.26,8.45
-8.71,2.60,-1.34,-14.29,-0.09,8.45
-9.57,2.72,-1.80,-14.44,0.14,8.45
-10.26,2.75,-2.15,-14.54,0.32,8.45
-10.96,2.74,-2.52,-14.63,0.50,8.45
-11.64,2.72,-2.91,-14.71,0.67,8.45
-12.49,2.68,-3.49,-14.81,0.91,8.45
-13.13,2.65,-3.93,-14.86,1.10,8.45
-13.73,2.62,-4.41,-14.90,1.29,8.45
-14.35,2.49,-5.00,-14.91,1.50,8.45
-15.17,2.17,-5.93,-14.88,1.79,8.45
-15.78,1.68,-6.75,-14.84,2.04,8.45
-16.17,1.09,-7.67,-14.76,2.33,8.45
-16.83,0.39,-8.60,-14.66,2.65,8.45
-18.09,-0.69,-9.57,-14.49,3.07,8.45
-19.17,-1.53,-10.16,-14.33,3.32,8.45
-20.00,-2.26,-10.45,-14.14,3.51,8.45
-20.00,-2.91,-10.15,-13.84,3.64,8.45
-20.00,-3.17,-9.84,-13.58,3.60,8.45
-20.00,-3.33,-9.48,-13.29,3.45,7.95
-20.00,-3.50,-9.19,-12.98,3.21,7.38
-20.00,-3.71,-9.03,-12.54,2.79,6.60
-20.00,-3.88,-8.94,-12.21,2.43,6.02
-20.00,-4.04,-8.84,-11.88,2.05,5.42
-20.00,-4.11,-8.71,-11.55,1.66,4.83
-20.00,-4.15,-8.58,-11.11,1.17,4.03
-20.00,-4.15,-8.42,-10.80,0.82,3.43
-20.00,-4.10,-8.19,-10.50,0.50,2.84
-20.00,-3.99,-7.98,-10.22,0.21,2.26
-20.00,-3.88,-7.57,-9.88,-0.15,1.50
-20.00,-3.81,-7.15,-9.66,-0.40,0.95
-20.00,-3.76,-6.71,-9.46,-0.64,0.41
-20.00,-3.71,-6.28,-9.30,-0.87,-0.10
-20.00,-3.71,-5.74,-9.11,-1.15,-0.74
-20.00,-3.74,-5.39,-9.00,-1.34,-1.20
-20.00,-3.83,-5.09,-8.90,-1.50,-1.62
-20.00,-3.96,-4.79,-8.83,-1.64,-2.03
-20.00,-4.14,-4.36,-8.75,-1.77,-2.52
-20.00,-4.27,-4.06,-8.70,-1.85,-2.86
-20.00,-4.40,-3.76,-8.67,-1.91,-3.17
-20.00,-4.64,-3.44,-8.65,-1.96,-3.46
-19.66,-4.95,-2.97,-8.64,-2.01,-3.82
-19.04,-5.05,-2.71,-8.65,-2.01,-4.05
-18.54,-5.08,-2.46,-8.67,-2.00,-4.27
-18.20,-5.06,-2.17,-8.70,-2.01,-4.47
-17.41,-5.09,-2.05,-8.75,-2.04,-4.70
-16.75,-5.11,-1.96,-8.79,-2.02,-4.85
-16.03,-5.16,-1.96,-8.85,-1.99,-4.98
-15.38,-5.18,-1.99,-8.91,-1.91,-5.09
-14.74,-5.09,-2.03,-9.00,-1.79,-5.21










5.59,0.83,0.69,-10.15,-0.05,0.32
5.98,0.96,0.71,-10.18,-0.05,0.56
6.29,1.06,0.68,-10.21,-0.06,0.76
6.64,1.20,0.67,-10.24,-0.06,0.99
7.06,1.36,0.65,-10.27,-0.05,1.23
7.66,1.58,0.59,-10.32,-0.01,1.58
8.05,1.70,0.55,-10.35,0.05,1.85
8.32,1.80,0.55,-10.39,0.13,2.14
8.52,1.87,0.57,-10.42,0.21,2.43
8.69,2.01,0.61,-10.48,0.32,2.83
8.70,2.13,0.70,-10.53,0.41,3.14
8.64,2.24,0.80,-10.58,0.48,3.44
8.55,2.33,0.90,-10.63,0.55,3.74
8.29,2.38,1.07,-10.72,0.63,4.15
8.02,2.40,1.20,-10.78,0.67,4.44
7.69,2.43,1.35,-10.86,0.69,4.74
7.31,2.44,1.49,-10.94,0.70,5.02
6.65,2.39,1.68,-11.05,0.68,5.39
6.14,2.31,1.81,-11.13,0.63,5.66
5.66,2.22,1.91,-11.22,0.57,5.92
5.16,2.12,1.98,-11.31,0.49,6.18
4.43,1.99,2.09,-11.42,0.36,6.50
3.83,1.90,2.17,-11.51,0.25,6.73
3.22,1.78,2.24,-11.59,0.12,6.95
2.63,1.64,2.28,-11.67,-0.03,7.17
1.89,1.43,2.28,-11.78,-0.23,7.44
1.35,1.27,2.26,-11.86,-0.38,7.65
0.88,1.09,2.18,-11.94,-0.53,7.84
0.52,0.88,2.01,-12.02,-0.68,8.03
0.03,0.68,1.79,-12.12,-0.84,8.26
-0.32,0.55,1.64,-12.20,-0.93,8.43
-0.68,0.44,1.49,-12.27,-0.99,8.45
-1.12,0.31,1.22,-12.37,-1.03,8.45
-1.47,0.20,0.99,-12.45,-1.04,8.45
-1.86,0.13,0.79,-12.53,-1.02,8.45
-2.30,0.06,0.61,-12.61,-1.00,8.45
-3.01,-0.00,0.36,-12.72,-0.95,8.45
-3.55,-0.04,0.20,-12.79,-0.92,8.45
-4.13,-0.11,0.03,-12.87,-0.88,8.45
-4.69,-0.19,-0.10,-12.94,-0.85,8.45
-5.38,-0.37,-0.29,-13.03,-0.82,8.45
-5.88,-0.54,-0.46,-13.09,-0.80,8.45
-6.35,-0.70,-0.62,-13.14,-0.78,8.45
-6.74,-0.83,-0.81,-13.19,-0.75,8.45
-7.21,-1.01,-1.04,-13.24,-0.70,8.45
-7.58,-1.15,-1.19,-13.27,-0.65,8.45
-7.97,-1.29,-1.39,-13.29,-0.58,8.45
-8.44,-1.44,-1.63,-13.32,-0.51,8.45
-9.04,-1.61,-1.90,-13.34,-0.40,8.45
-9.49,-1.72,-2.08,-13.36,-0.30,8.45
-9.93,-1.84,-2.30,-13.37,-0.20,8.45
-10.39,-1.96,-2.52,-13.38,-0.09,8.45
-10.93,-2.09,-2.88,-13.38,0.07,8.45
-11.30,-2.18,-3.15,-13.38,0.20,8.45
-11.66,-2.29,-3.47,-13.36,0.34,8.45
-11.96,-2.47,-3.81,-13.34,0.50,8.45
-12.41,-2.72,-4.32,-13.30,0.75,8.45
-12.81,-2.98,-4.71,-13.25,0.95,8.45
-13.21,-3.30,-5.08,-13.20,1.15,8.45
-13.60,-3.65,-5.46,-13.13,1.36,8.45
-14.17,-4.10,-5.98,-13.02,1.65,8.45
-14.57,-4.38,-6.39,-12.92,1.86,8.45
-15.11,-4.71,-6.63,-12.82,2.08,8.26
-15.73,-4.98,-6.74,-12.69,2.27,8.00
-16.57,-5.27,-6.93,-12.51,2.44,7.65
-17.17,-5.45,-7.04,-12.36,2.52,7.37
-17.80,-5.62,-7.00,-12.19,2.56,7.08
-18.56,-5.76,-6.98,-11.96,2.52,6.68
-19.10,-5.79,-6.91,-11.78,2.45,6.37
-19.56,-5.78,-6.90,-11.59,2.33,6.06
-19.92,-5.76,-6.81,-11.41,2.17,5.73
-20.00,-5.71,-6.68,-11.16,1.92,5.28
-20.00,-5.67,-6.56,-10.98,1.71,4.94
-20.00,-5.64,-6.45,-10.80,1.49,4.59
-20.00,-5.67,-6.38,-10.63,1.28,4.24
-20.00,-5.73,-6.36,-10.40,1.01,3.76
-20.00,-5.83,-6.42,-10.23,0.84,3.40
-20.00,-5.97,-6.47,-10.07,0.70,3.03
-20.00,-6.11,-6.50,-9.92,0.60,2.65
-20.00,-6.26,-6.48,-9.73,0.50,2.15
-20.00,-6.34,-6.39,-9.59,0.44,1.78
-20.00,-6.37,-6.27,-9.46,0.38,1.41
-20.00,-6.38,-6.04,-9.33,0.32,1.04
-20.00,-6.35,-5.74,-9.17,0.22,0.56
-20.00,-6.30,-5.45,-9.06,0.13,0.21
-20.00,-6.27,-5.17,-8.97,0.02,-0.14
-20.00,-6.25,-4.92,-8.88,-0.10,-0.47
-20.00,-6.25,-4.61,-8.78,-0.27,-0.90
-19.96,-6.28,-4.37,-8.71,-0.40,-1.22
-19.66,-6.35,-4.21,-8.65,-0.51,-1.52
-19.36,-6.43,-4.05,-8.60,-0.62,-1.82
-18.95,-6.52,-3.87,-8.55,-0.75,-2.20
-18.64,-6.59,-3.75,-8.51,-0.84,-2.48
-18.35,-6.65,-3.60,-8.48,-0.92,-2.74
-18.07,-6.68,-3.43,-8.45,-1.00,-2.99
-17.69,-6.70,-3.26,-8.42,-1.09,-3.32
-17.42,-6.72,-3.14,-8.40,-1.17,-3.55
-17.12,-6.74,-3.02,-8.39,-1.24,-3.77
-16.82,-6.77,-2.90,-8.37,-1.31,-3.98
-16.42,-6.83,-2.75,-8.36,-1.39,-4.25










5.77,1.33,0.41,-10.22,0.13,0.62
6.36,1.49,0.42,-10.23,0.18,0.76
6.92,1.68,0.43,-10.23,0.25,0.92
7.57,2.04,0.52,-10.24,0.37,1.15
7.99,2.26,0.61,-10.25,0.47,1.34
8.29,2.50,0.72,-10.26,0.56,1.55
8.69,2.82,0.86,-10.29,0.67,1.86
9.01,3.04,0.96,-10.32,0.74,2.12
9.30,3.22,1.11,-10.36,0.80,2.38
9.55,3.36,1.25,-10.39,0.85,2.65
9.81,3.49,1.36,-10.44,0.90,3.04
9.94,3.54,1.40,-10.48,0.93,3.34
10.04,3.55,1.44,-10.52,0.95,3.65
10.08,3.56,1.50,-10.57,0.96,3.97
9.99,3.59,1.65,-10.63,0.98,4.39
9.83,3.63,1.78,-10.67,0.99,4.71
9.61,3.68,1.92,-10.72,0.99,5.03
9.32,3.71,2.09,-10.77,0.99,5.33
8.86,3.74,2.33,-10.84,0.98,5.72
8.44,3.73,2.52,-10.89,0.97,6.00
7.93,3.65,2.74,-10.95,0.96,6.26
7.36,3.52,2.95,-11.01,0.93,6.50
6.50,3.22,3.25,-11.09,0.86,6.80
5.81,2.91,3.43,-11.16,0.79,7.02
5.12,2.61,3.61,-11.22,0.70,7.22
4.45,2.32,3.76,-11.30,0.58,7.42
3.60,2.01,3.89,-11.40,0.40,7.66
3.03,1.82,3.98,-11.48,0.25,7.84
2.52,1.68,4.01,-11.57,0.09,8.01
2.02,1.57,4.03,-11.65,-0.06,8.18
1.43,1.29,3.89,-11.77,-0.28,8.40
0.98,1.14,3.79,-11.87,-0.45,8.45
0.48,1.06,3.77,-11.95,-0.61,8.45
-0.08,1.00,3.74,-12.02,-0.76,8.45
-0.82,0.98,3.65,-12.11,-0.94,8.45
-1.39,0.96,3.54,-12.18,-1.08,8.45
-1.95,0.96,3.37,-12.24,-1.22,8.45
-2.72,0.95,3.13,-12.34,-1.39,8.45
-3.29,0.94,2.94,-12.41,-1.52,8.45
-3.83,0.95,2.76,-12.49,-1.63,8.45
-4.30,0.99,2.56,-12.57,-1.74,8.45
-4.96,1.11,2.32,-12.68,-1.83,8.45
-5.41,1.21,2.12,-12.78,-1.87,8.45
-5.84,1.33,1.93,-12.88,-1.89,8.45
-6.20,1.44,1.74,-12.98,-1.87,8.45
-6.61,1.57,1.41,-13.13,-1.79,8.45
-6.92,1.64,1.09,-13.25,-1.68,8.45
-7.24,1.68,0.75,-13.38,-1.52,8.45
-7.60,1.71,0.39,-13.51,-1.34,8.45
-8.18,1.76,-0.12,-13.70,-1.04,8.45
-8.67,1.82,-0.49,-13.85,-0.79,8.45
-9.15,1.86,-0.87,-14.00,-0.53,8.45
-9.76,1.87,-1.26,-14.15,-0.27,8.45
-10.65,1.86,-1.75,-14.33,0.09,8.45
-11.29,1.78,-2.17,-14.45,0.34,8.45
-11.94,1.61,-2.61,-14.55,0.60,8.45
-12.57,1.38,-3.07,-14.62,0.85,8.45
-13.30,0.89,-3.83,-14.67,1.18,8.45
-13.88,0.49,-4.55,-14.67,1.45,8.45
-14.41,-0.04,-5.37,-14.63,1.75,8.45
-15.09,-0.67,-6.20,-14.56,2.06,8.45
-16.03,-1.70,-7.32,-14.42,2.45,8.45
-16.71,-2.56,-8.11,-14.28,2.74,8.45
-17.66,-3.34,-8.76,-14.11,3.01,8.45
-18.75,-4.02,-9.12,-13.91,3.25,8.45
-20.00,-4.83,-9.10,-13.59,3.47,8.45
-20.00,-5.29,-8.93,-13.31,3.53,8.15
-20.00,-5.63,-8.70,-13.01,3.48,7.61
-20.00,-5.86,-8.49,-12.69,3.33,7.05
-20.00,-6.02,-8.25,-12.26,2.99,6.28
-20.00,-6.03,-8.03,-11.94,2.66,5.69
-20.00,-6.00,-7.90,-11.63,2.28,5.10
-20.00,-5.93,-7.53,-11.23,1.73,4.30
-20.00,-5.79,-7.28,-10.94,1.31,3.71
-20.00,-5.63,-7.06,-10.66,0.89,3.12
-20.00,-5.48,-6.90,-10.39,0.49,2.55
-20.00,-5.29,-6.71,-10.07,0.02,1.80
-20.00,-5.16,-6.59,-9.86,-0.29,1.26
-20.00,-5.01,-6.44,-9.67,-0.54,0.74
-20.00,-4.86,-6.27,-9.50,-0.76,0.24
-20.00,-4.73,-5.95,-9.31,-0.98,-0.38
-20.00,-4.67,-5.69,-9.19,-1.11,-0.82
-20.00,-4.67,-5.41,-9.09,-1.22,-1.23
-20.00,-4.69,-5.14,-8.99,-1.30,-1.60
-20.00,-4.80,-4.76,-8.88,-1.38,-2.07
-20.00,-4.89,-4.44,-8.81,-1.42,-2.38
-20.00,-5.01,-4.14,-8.74,-1.45,-2.67
-19.96,-5.13,-3.82,-8.68,-1.46,-2.94
-19.18,-5.30,-3.39,-8.62,-1.47,-3.26
-18.60,-5.42,-3.05,-8.58,-1.46,-3.48
-18.01,-5.53,-2.76,-8.56,-1.44,-3.68
-17.43,-5.62,-2.48,-8.54,-1.42,-3.86
-16.61,-5.75,-2.15,-8.54,-1.38,-4.08
-16.03,-5.83,-1.93,-8.56,-1.35,-4.23
-15.47,-5.89,-1.70,-8.59,-1.31,-4.37
-14.97,-5.96,-1.51,-8.63,-1.26,-4.50
-14.38,-6.08,-1.35,-8.68,-1.21,-4.65
-13.97,-6.17,-1.26,-8.73,-1.17,-4.75
-13.61,-6.25,-1.17,-8.79,-1.14,-4.85
-13.28,-6.36,-1.10,-8.85,-1.12,-4.95










3.64,0.75,1.36,-10.27,0.17,0.08
4.17,0.83,1.41,-10.29,0.17,0.16
4.79,0.95,1.46,-10.31,0.19,0.24
5.40,1.12,1.52,-10.34,0.22,0.35
6.10,1.42,1.64,-10.38,0.29,0.52
6.55,1.68,1.75,-10.42,0.34,0.67
6.94,2.00,1.87,-10.47,0.39,0.85
7.36,2.27,2.02,-10.52,0.43,1.06
8.00,2.63,2.26,-10.59,0.49,1.37
8.48,2.84,2.38,-10.65,0.53,1.62
8.95,3.00,2.49,-10.70,0.59,1.90
9.39,3.11,2.55,-10.76,0.65,2.19
9.79,3.17,2.67,-10.84,0.75,2.59
10.01,3.12,2.74,-10.89,0.82,2.91
10.15,3.08,2.80,-10.95,0.89,3.23
10.19,3.09,2.84,-11.02,0.96,3.55
10.08,3.14,2.87,-11.11,1.03,3.98
9.90,3.21,2.95,-11.19,1.07,4.29
9.69,3.26,2.97,-11.26,1.09,4.59
9.46,3.29,2.96,-11.34,1.11,4.88
9.18,3.32,2.91,-11.45,1.13,5.25
8.92,3.33,2.90,-11.52,1.14,5.51
8.62,3.37,2.89,-11.59,1.16,5.76
8.23,3.40,2.90,-11.67,1.18,5.99
7.50,3.44,2.92,-11.78,1.18,6.28
6.80,3.46,2.95,-11.86,1.16,6.49
5.99,3.34,2.87,-11.95,1.10,6.69
5.25,3.17,2.92,-12.05,0.99,6.89
4.27,3.09,3.07,-12.15,0.82,7.14
3.63,3.00,3.08,-12.22,0.68,7.32
3.08,2.85,3.04,-12.29,0.52,7.48
2.57,2.65,2.99,-12.35,0.36,7.64
1.84,2.37,2.92,-12.42,0.13,7.83
1.29,2.15,2.87,-12.47,-0.05,7.96
0.78,1.93,2.78,-12.51,-0.24,8.10
0.19,1.65,2.65,-12.55,-0.50,8.27
-0.24,1.44,2.48,-12.58,-0.70,8.39
-0.67,1.25,2.30,-12.60,-0.89,8.45
-1.12,1.08,2.14,-12.63,-1.08,8.45
-1.75,0.88,1.93,-12.65,-1.32,8.45
-2.25,0.71,1.78,-12.67,-1.49,8.45
-2.74,0.56,1.61,-12.69,-1.65,8.45
-3.21,0.43,1.43,-12.71,-1.80,8.45
-3.80,0.33,1.18,-12.74,-1.98,8.45
-4.18,0.31,0.96,-12.76,-2.10,8.45
-4.54,0.34,0.71,-12.79,-2.18,8.45
-4.86,0.38,0.44,-12.83,-2.24,8.45
-5.20,0.41,0.12,-12.89,-2.25,8.45
-5.48,0.44,-0.12,-12.95,-2.21,8.45
-5.79,0.46,-0.41,-13.01,-2.14,8.45
-6.14,0.46,-0.70,-13.09,-2.03,8.45
-6.67,0.44,-1.08,-13.20,-1.83,8.45
-7.13,0.43,-1.39,-13.29,-1.66,8.45
-7.64,0.44,-1.68,-13.38,-1.46,8.45
-8.16,0.41,-1.94,-13.48,-1.25,8.45
-8.79,0.39,-2.30,-13.60,-0.96,8.45
-9.28,0.36,-2.54,-13.69,-0.72,8.45
-9.80,0.30,-2.77,-13.76,-0.48,8.45
-10.37,0.21,-3.03,-13.83,-0.23,8.45
-11.18,0.01,-3.43,-13.90,0.08,8.45
-11.82,-0.16,-3.72,-13.93,0.30,8.45
-12.45,-0.35,-3.99,-13.95,0.51,8.45
-13.02,-0.55,-4.29,-13.95,0.70,8.45
-13.69,-0.83,-4.80,-13.93,0.95,8.45
-14.09,-1.05,-5.27,-13.89,1.14,8.45
-14.46,-1.30,-5.81,-13.83,1.34,8.45
-15.16,-1.68,-6.51,-13.72,1.63,8.45
-15.94,-1.99,-6.86,-13.62,1.82,8.45
-16.72,-2.31,-7.12,-13.50,1.96,8.45
-17.42,-2.66,-7.41,-13.36,2.07,8.45
-18.36,-3.13,-7.61,-13.15,2.18,8.30
-19.07,-3.47,-7.72,-12.96,2.22,7.95
-19.61,-3.83,-7.87,-12.76,2.22,7.57
-20.00,-4.17,-8.02,-12.55,2.20,7.17
-20.00,-4.57,-8.24,-12.25,2.14,6.60
-20.00,-4.90,-8.20,-12.01,2.06,6.16
-20.00,-5.19,-8.16,-11.76,1.97,5.70
-20.00,-5.39,-8.10,-11.51,1.84,5.24
-20.00,-5.61,-8.00,-11.16,1.63,4.61
-20.00,-5.74,-7.88,-10.90,1.46,4.14
-20.00,-5.83,-7.73,-10.65,1.26,3.66
-20.00,-5.90,-7.53,-10.40,1.06,3.19
-20.00,-5.96,-7.20,-10.08,0.77,2.56
-20.00,-5.99,-6.96,-9.86,0.55,2.09
-20.00,-6.01,-6.73,-9.64,0.32,1.64
-20.00,-6.00,-6.48,-9.44,0.09,1.19
-20.00,-5.95,-6.17,-9.20,-0.20,0.62
-20.00,-5.88,-5.93,-9.04,-0.39,0.21
-20.00,-5.71,-5.74,-8.90,-0.57,-0.18
-20.00,-5.68,-5.43,-8.77,-0.73,-0.56
-20.00,-5.60,-5.09,-8.61,-0.89,-1.03
-20.00,-5.60,-4.80,-8.51,-0.99,-1.35
-19.78,-5.68,-4.56,-8.43,-1.07,-1.65
-19.27,-5.74,-4.33,-8.35,-1.12,-1.92
-18.60,-5.85,-4.01,-8.26,-1.15,-2.26
-18.06,-5.98,-3.78,-8.19,-1.15,-2.49
-17.58,-6.09,-3.56,-8.14,-1.12,-2.70
-17.16,-6.23,-3.30,-8.10,-1.09,-2.89
-16.67,-6.44,-2.97,-8.06,-1.04,-3.13
-16.36,-6.57,-2.72,-8.04,-1.00,-3.30










3.34,1.95,1.03,-10.15,-0.09,0.56
3.47,1.97,1.07,-10.16,-0.11,0.67
3.66,1.99,1.08,-10.17,-0.15,0.78
4.03,2.04,1.08,-10.19,-0.19,0.93
4.40,2.12,1.05,-10.19,-0.21,1.05
4.83,2.21,1.04,-10.20,-0.21,1.17
5.23,2.30,1.06,-10.22,-0.20,1.29
5.69,2.43,1.15,-10.23,-0.16,1.47
5.94,2.52,1.22,-10.24,-0.13,1.62
6.10,2.62,1.28,-10.26,-0.10,1.77
6.19,2.71,1.34,-10.27,-0.09,1.94
6.26,2.82,1.41,-10.31,-0.08,2.19
6.32,2.86,1.47,-10.33,-0.09,2.39
6.45,2.89,1.46,-10.37,-0.10,2.60
6.61,2.93,1.43,-10.41,-0.09,2.81
6.83,3.00,1.36,-10.46,-0.04,3.09
6.91,3.05,1.33,-10.51,0.02,3.30
6.89,3.08,1.29,-10.56,0.10,3.50
6.76,3.10,1.28,-10.61,0.19,3.71
6.49,3.16,1.28,-10.69,0.31,3.97
6.34,3.19,1.26,-10.75,0.40,4.15
6.22,3.19,1.25,-10.81,0.48,4.33
6.05,3.14,1.28,-10.87,0.56,4.50
5.74,3.10,1.33,-10.95,0.65,4.73
5.41,3.07,1.41,-11.01,0.70,4.90
5.05,3.02,1.50,-11.07,0.71,5.07
4.72,2.94,1.58,-11.13,0.67,5.25
4.42,2.86,1.72,-11.21,0.58,5.49
4.36,2.81,1.85,-11.27,0.48,5.69
4.47,2.79,1.90,-11.32,0.38,5.89
4.77,2.81,1.89,-11.40,0.25,6.16
5.00,2.85,1.86,-11.47,0.17,6.37
5.16,2.90,1.84,-11.53,0.11,6.59
5.24,2.96,1.84,-11.60,0.07,6.82
5.31,3.07,1.87,-11.70,0.02,7.14
5.29,3.16,1.89,-11.78,-0.00,7.39
5.16,3.24,1.96,-11.86,-0.02,7.64
4.84,3.30,2.01,-11.94,-0.04,7.90
4.24,3.35,2.10,-12.06,-0.08,8.26
3.67,3.32,2.18,-12.14,-0.14,8.45
3.04,3.26,2.23,-12.23,-0.22,8.45
2.39,3.18,2.21,-12.32,-0.32,8.45
1.49,2.96,2.14,-12.44,-0.48,8.45
0.91,2.74,2.02,-12.53,-0.62,8.45
0.42,2.54,1.92,-12.61,-0.76,8.45
-0.07,2.35,1.85,-12.69,-0.89,8.45
-0.69,2.06,1.65,-12.77,-1.05,8.45
-1.16,1.83,1.42,-12.83,-1.15,8.45
-1.64,1.59,1.16,-12.89,-1.24,8.45
-2.16,1.41,0.91,-12.95,-1.30,8.45
-2.92,1.19,0.55,-13.03,-1.37,8.45
-3.49,1.06,0.30,-13.08,-1.40,8.45
-4.09,0.98,0.06,-13.14,-1.42,8.45
-4.74,0.92,-0.18,-13.19,-1.43,8.45
-5.65,0.85,-0.50,-13.26,-1.41,8.45
-6.29,0.82,-0.80,-13.32,-1.39,8.45
-6.84,0.81,-1.07,-13.37,-1.35,8.45
-7.31,0.82,-1.35,-13.42,-1.27,8.45
-7.83,0.86,-1.78,-13.50,-1.12,8.45
-8.20,0.88,-2.13,-13.56,-0.96,8.45
-8.59,0.93,-2.54,-13.62,-0.76,8.45
-9.24,0.97,-3.01,-13.72,-0.43,8.45
-9.85,0.94,-3.36,-13.79,-0.17,8.45
-10.47,0.90,-3.69,-13.85,0.11,8.45
-11.09,0.84,-4.03,-13.92,0.39,8.45
-12.02,0.77,-4.47,-13.99,0.77,8.45
-12.81,0.70,-4.79,-14.03,1.05,8.45
-13.69,0.62,-5.19,-14.05,1.30,8.45
-14.52,0.48,-5.62,-14.05,1.54,8.45
-15.35,0.21,-6.44,-14.01,1.84,8.45
-15.83,-0.13,-7.34,-13.96,2.10,8.45
-16.71,-0.60,-8.17,-13.89,2.39,8.45
-18.03,-1.12,-8.52,-13.81,2.62,8.45
-19.62,-1.94,-8.69,-13.66,2.78,8.45
-20.00,-2.48,-8.76,-13.49,2.85,8.45
-20.00,-2.94,-8.68,-13.29,2.87,8.45
-20.00,-3.36,-8.66,-13.05,2.82,8.20
-20.00,-3.86,-8.64,-12.68,2.71,7.45
-20.00,-4.20,-8.69,-12.38,2.56,6.87
-20.00,-4.53,-8.61,-12.07,2.38,6.27
-20.00,-4.79,-8.49,-11.75,2.14,5.67
-20.00,-5.03,-8.23,-11.32,1.75,4.85
-20.00,-5.12,-7.98,-10.99,1.42,4.25
-20.00,-5.13,-7.72,-10.67,1.07,3.65
-20.00,-5.06,-7.55,-10.36,0.72,3.05
-20.00,-4.94,-7.27,-9.98,0.24,2.27
-20.00,-4.86,-7.04,-9.72,-0.10,1.69
-20.00,-4.75,-6.77,-9.48,-0.42,1.13
-20.00,-4.62,-6.47,-9.28,-0.71,0.59
-20.00,-4.45,-6.07,-9.04,-1.06,-0.10
-20.00,-4.32,-5.78,-8.90,-1.29,-0.58
-20.00,-4.25,-5.48,-8.77,-1.48,-1.03
-20.00,-4.24,-5.17,-8.67,-1.64,-1.46
-20.00,-4.29,-4.73,-8.55,-1.81,-1.98
-20.00,-4.36,-4.43,-8.48,-1.90,-2.33
-20.00,-4.45,-4.15,-8.42,-1.97,-2.65
-20.00,-4.57,-3.89,-8.37,-2.01,-2.94
-19.27,-4.76,-3.56,-8.32,-2.01,-3.28
-18.66,-4.94,-3.32,-8.28,-1.99,-3.51
-18.03,-5.13,-3.11,-8.25,-1.94,-3.71










4.75,1.38,1.31,-10.20,0.37,-0.04
5.17,1.54,1.39,-10.22,0.39,0.05
5.78,1.73,1.44,-10.25,0.41,0.20
6.24,1.80,1.47,-10.27,0.44,0.34
6.69,1.84,1.46,-10.31,0.48,0.49
7.13,1.87,1.39,-10.35,0.53,0.66
7.66,2.06,1.46,-10.41,0.62,0.91
7.97,2.31,1.59,-10.45,0.70,1.12
8.20,2.63,1.72,-10.50,0.79,1.34
8.41,2.99,1.84,-10.55,0.87,1.59
8.68,3.43,2.01,-10.62,0.96,1.94
8.86,3.67,2.12,-10.67,1.02,2.23
9.06,3.78,2.18,-10.73,1.07,2.53
9.33,3.76,2.23,-10.80,1.13,2.95
9.52,3.65,2.21,-10.86,1.19,3.28
9.70,3.49,2.18,-10.91,1.25,3.61
9.83,3.32,2.17,-10.97,1.32,3.93
9.93,3.15,2.21,-11.04,1.43,4.37
9.84,3.06,2.35,-11.11,1.52,4.70
9.59,3.07,2.55,-11.17,1.59,5.03
9.21,3.11,2.76,-11.25,1.64,5.36
8.56,3.25,3.01,-11.36,1.67,5.79
7.97,3.41,3.18,-11.46,1.67,6.10
7.31,3.50,3.34,-11.56,1.64,6.40
6.61,3.54,3.48,-11.68,1.59,6.67
5.56,3.52,3.70,-11.83,1.48,7.00
4.66,3.37,3.84,-11.95,1.37,7.23
3.73,3.17,3.93,-12.07,1.22,7.43
2.84,2.93,3.97,-12.18,1.05,7.62
1.77,2.46,4.00,-12.33,0.77,7.84
1.03,1.94,3.84,-12.43,0.54,8.00
0.20,1.53,3.70,-12.52,0.27,8.15
-0.61,1.23,3.68,-12.60,-0.02,8.30
-1.59,0.93,3.69,-12.67,-0.45,8.45
-2.17,0.73,3.59,-12.71,-0.77,8.45
-2.54,0.56,3.39,-12.74,-1.08,8.45
-2.79,0.41,3.12,-12.76,-1.37,8.45
-3.02,0.24,2.66,-12.78,-1.69,8.45
-3.20,0.15,2.35,-12.80,-1.89,8.45
-3.38,0.08,2.02,-12.82,-2.04,8.45
-3.57,0.03,1.65,-12.83,-2.14,8.45
-3.82,-0.01,1.15,-12.87,-2.22,8.45
-3.98,-0.02,0.77,-12.90,-2.23,8.45
-4.16,-0.02,0.43,-12.93,-2.20,8.45
-4.46,0.01,-0.05,-13.00,-2.11,8.45
-4.74,0.04,-0.41,-13.06,-2.00,8.45
-5.02,0.09,-0.75,-13.13,-1.86,8.45
-5.33,0.10,-1.06,-13.20,-1.69,8.45
-5.80,0.06,-1.41,-13.31,-1.43,8.45
-6.14,-0.02,-1.68,-13.39,-1.22,8.45
-6.46,-0.14,-1.93,-13.48,-1.00,8.45
-6.87,-0.27,-2.18,-13.56,-0.76,8.45
-7.53,-0.50,-2.51,-13.66,-0.45,8.45
-8.06,-0.67,-2.73,-13.72,-0.23,8.45
-8.63,-0.81,-2.92,-13.78,-0.01,8.45
-9.22,-0.91,-3.06,-13.83,0.18,8.45
-9.99,-1.02,-3.28,-13.87,0.39,8.45
-10.52,-1.13,-3.45,-13.88,0.53,8.45
-11.01,-1.25,-3.65,-13.87,0.64,8.45
-11.49,-1.38,-3.86,-13.86,0.74,8.45
-12.12,-1.58,-4.17,-13.81,0.84,8.45
-12.55,-1.73,-4.43,-13.76,0.90,8.45
-12.93,-1.91,-4.71,-13.70,0.96,8.45
-13.23,-2.09,-5.01,-13.63,1.01,8.45
-13.64,-2.32,-5.45,-13.53,1.11,8.45
-13.96,-2.51,-5.78,-13.43,1.20,8.45
-14.28,-2.71,-6.14,-13.33,1.30,8.45
-14.74,-2.91,-6.53,-13.21,1.41,8.45
-15.48,-3.22,-6.98,-13.04,1.56,8.42
-16.06,-3.51,-7.21,-12.90,1.65,8.15
-16.62,-3.82,-7.39,-12.74,1.73,7.85
-17.10,-4.16,-7.59,-12.58,1.79,7.53
-17.81,-4.60,-7.77,-12.33,1.84,7.08
-18.33,-4.95,-7.82,-12.14,1.85,6.72
-18.83,-5.26,-7.82,-11.93,1.83,6.35
-19.29,-5.55,-7.81,-11.71,1.77,5.97
-19.86,-5.84,-7.77,-11.41,1.65,5.44
-20.00,-5.99,-7.70,-11.17,1.53,5.03
-20.00,-6.11,-7.60,-10.94,1.39,4.61
-20.00,-6.22,-7.38,-10.62,1.18,4.06
-20.00,-6.24,-7.19,-10.37,0.99,3.64
-20.00,-6.21,-6.98,-10.13,0.80,3.23
-20.00,-6.15,-6.79,-9.90,0.61,2.83
-20.00,-6.07,-6.53,-9.60,0.34,2.30
-20.00,-6.01,-6.33,-9.39,0.13,1.91
-20.00,-5.97,-6.12,-9.20,-0.06,1.53
-20.00,-5.94,-5.90,-9.02,-0.25,1.16
-20.00,-5.88,-5.63,-8.82,-0.48,0.67
-20.00,-5.80,-5.40,-8.68,-0.63,0.31
-20.00,-5.72,-5.14,-8.57,-0.77,-0.03
-20.00,-5.66,-4.87,-8.47,-0.88,-0.35
-19.65,-5.64,-4.51,-8.36,-1.01,-0.77
-19.32,-5.67,-4.23,-8.29,-1.10,-1.06
-18.99,-5.72,-3.97,-8.24,-1.17,-1.34
-18.65,-5.80,-3.71,-8.19,-1.24,-1.60
-18.19,-5.91,-3.37,-8.15,-1.30,-1.92
-17.83,-5.99,-3.13,-8.13,-1.34,-2.14
-17.47,-6.09,-2.91,-8.12,-1.37,-2.34
-17.09,-6.21,-2.68,-8.11,-1.38,-2.53
-16.58,-6.43,-2.40,-8.11,-1.38,-2.77










3.96,1.79,0.01,-10.28,-0.08,0.05
4.12,1.77,-0.07,-10.29,-0.06,0.13
4.31,1.65,-0.19,-10.32,-0.03,0.22
4.52,1.60,-0.27,-10.35,0.00,0.32
4.82,1.78,-0.29,-10.39,0.07,0.46
5.00,1.99,-0.28,-10.43,0.14,0.58
5.17,2.22,-0.28,-10.47,0.22,0.69
5.37,2.41,-0.31,-10.52,0.30,0.81
5.63,2.67,-0.29,-10.60,0.43,0.98
5.78,2.73,-0.18,-10.65,0.53,1.11
5.96,2.72,-0.13,-10.71,0.64,1.25
6.10,2.85,-0.04,-10.78,0.74,1.40
5.79,3.31,0.22,-10.87,0.86,1.61
5.86,3.61,0.54,-10.93,0.91,1.77
5.97,3.92,0.76,-10.99,0.97,1.92
5.96,4.18,0.91,-11.05,0.99,2.06
6.02,4.37,1.05,-11.12,1.00,2.28
6.07,4.46,1.20,-11.16,0.99,2.45
6.24,4.51,1.29,-11.19,0.98,2.65
6.61,4.56,1.33,-11.22,0.98,2.92
6.85,4.50,1.36,-11.23,0.98,3.13
7.05,4.35,1.39,-11.22,0.98,3.35
7.23,4.11,1.35,-11.21,0.99,3.58
7.42,3.78,1.23,-11.19,0.98,3.89
7.59,3.60,1.12,-11.18,0.98,4.13
7.73,3.51,1.05,-11.17,0.97,4.37
7.83,3.51,1.04,-11.17,0.97,4.62
7.82,3.64,1.13,-11.18,0.98,4.95
7.70,3.79,1.25,-11.19,0.99,5.20
7.44,3.93,1.41,-11.21,0.98,5.45
7.08,4.02,1.61,-11.24,0.96,5.70
6.44,4.08,1.91,-11.29,0.90,6.03
5.89,4.08,2.13,-11.34,0.83,6.28
5.30,4.03,2.35,-11.39,0.74,6.52
4.72,3.93,2.54,-11.44,0.63,6.75
3.89,3.73,2.76,-11.52,0.47,7.04
3.14,3.49,2.88,-11.58,0.34,7.24
2.39,3.15,2.93,-11.65,0.17,7.43
1.62,2.80,3.03,-11.71,-0.01,7.62
0.54,2.31,3.17,-11.80,-0.29,7.87
-0.34,1.91,3.29,-11.85,-0.52,8.05
-1.18,1.53,3.37,-11.90,-0.79,8.23
-1.89,1.15,3.39,-11.94,-1.08,8.40
-2.67,0.75,3.31,-11.99,-1.47,8.45
-3.09,0.53,3.20,-12.02,-1.77,8.45
-3.38,0.37,3.05,-12.05,-2.05,8.45
-3.58,0.30,2.86,-12.08,-2.29,8.45
-3.79,0.29,2.56,-12.12,-2.57,8.45
-3.88,0.34,2.29,-12.16,-2.73,8.45
-3.99,0.46,2.03,-12.21,-2.85,8.45
-4.21,0.65,1.69,-12.28,-2.93,8.45
-4.40,0.78,1.45,-12.34,-2.95,8.45
-4.64,0.89,1.27,-12.41,-2.94,8.45
-4.95,0.95,1.09,-12.49,-2.89,8.45
-5.45,0.99,0.82,-12.60,-2.80,8.45
-5.91,0.98,0.60,-12.69,-2.71,8.45
-6.42,0.90,0.37,-12.78,-2.62,8.45
-6.92,0.76,0.11,-12.87,-2.53,8.45
-7.58,0.54,-0.23,-12.98,-2.40,8.45
-8.09,0.37,-0.47,-13.06,-2.31,8.45
-8.59,0.22,-0.72,-13.13,-2.22,8.45
-9.08,0.09,-0.98,-13.19,-2.13,8.45
-9.77,-0.06,-1.31,-13.25,-2.01,8.45
-10.30,-0.15,-1.59,-13.29,-1.92,8.45
-10.79,-0.21,-1.90,-13.33,-1.82,8.45
-11.25,-0.23,-2.19,-13.35,-1.71,8.45
-11.78,-0.27,-2.60,-13.37,-1.55,8.45
-12.14,-0.31,-2.96,-13.37,-1.40,8.45
-12.44,-0.39,-3.33,-13.37,-1.23,8.45
-12.66,-0.45,-3.73,-13.36,-1.02,8.45
-12.88,-0.56,-4.26,-13.33,-0.69,8.45
-12.80,-0.65,-4.78,-13.30,-0.38,8.45
-12.79,-0.75,-5.48,-13.27,-0.00,8.45
-12.98,-0.88,-6.14,-13.23,0.44,8.45
-13.55,-1.19,-6.67,-13.16,1.05,8.45
-14.04,-1.45,-7.01,-13.11,1.49,8.45
-14.46,-1.74,-7.44,-13.05,1.92,8.45
-15.00,-2.07,-7.82,-12.98,2.37,8.45
-15.70,-2.57,-8.16,-12.86,2.94,8.45
-16.08,-2.97,-8.56,-12.75,3.36,8.42
-16.60,-3.35,-9.01,-12.62,3.78,8.07
-17.51,-3.88,-9.48,-12.42,4.29,7.58
-18.22,-4.37,-9.66,-12.25,4.60,7.20
-19.07,-4.73,-9.78,-12.07,4.84,6.80
-20.00,-4.96,-9.72,-11.87,5.00,6.39
-20.00,-5.18,-9.35,-11.58,5.04,5.84
-20.00,-5.25,-8.97,-11.35,4.95,5.43
-20.00,-5.34,-8.54,-11.12,4.74,5.02
-20.00,-5.51,-8.10,-10.88,4.44,4.60
-20.00,-5.66,-7.70,-10.55,3.92,4.04
-20.00,-5.80,-7.42,-10.31,3.46,3.62
-20.00,-5.94,-7.22,-10.06,2.98,3.19
-20.00,-6.07,-7.09,-9.82,2.50,2.76
-20.00,-6.18,-6.95,-9.51,1.88,2.16
-20.00,-6.24,-6.83,-9.29,1.45,1.71
-20.00,-6.31,-6.70,-9.08,1.05,1.26
-20.00,-6.40,-6.51,-8.88,0.68,0.80
-20.00,-6.55,-6.21,-8.63,0.23,0.20
-20.00,-6.68,-5.95,-8.47,-0.08,-0.25
-20.00,-6.80,-5.68,-8.32,-0.37,-0.68










-1.77,-3.43,1.35,-9.71,0.15,-1.02
-1.77,-3.39,1.34,-9.70,0.12,-1.09
-1.77,-3.31,1.33,-9.69,0.09,-1.18
-1.76,-3.22,1.33,-9.69,0.08,-1.25
-1.73,-3.15,1.33,-9.69,0.07,-1.33
-1.68,-3.07,1.31,-9.69,0.08,-1.40
-1.59,-3.00,1.29,-9.69,0.10,-1.50
-1.51,-2.94,1.28,-9.70,0.12,-1.57
-1.46,-2.87,1.28,-9.70,0.15,-1.63
-1.41,-2.81,1.26,-9.71,0.19,-1.70
-1.37,-2.73,1.26,-9.72,0.24,-1.78
-1.33,-2.64,1.26,-9.73,0.27,-1.83
-1.31,-2.55,1.25,-9.74,0.30,-1.89
-1.31,-2.43,1.28,-9.75,0.33,-1.94
-1.31,-2.33,1.29,-9.76,0.35,-1.98
-1.30,-2.26,1.30,-9.76,0.37,-2.01
-1.30,-2.18,1.31,-9.76,0.37,-2.04
-1.25,-2.08,1.30,-9.76,0.38,-2.07
-1.22,-2.01,1.32,-9.75,0.38,-2.09
-1.17,-1.94,1.33,-9.74,0.37,-2.10
-1.12,-1.89,1.36,-9.73,0.37,-2.11
-1.04,-1.82,1.37,-9.71,0.37,-2.12
-0.98,-1.78,1.39,-9.70,0.37,-2.13
-0.94,-1.74,1.41,-9.68,0.37,-2.13
-0.88,-1.69,1.43,-9.67,0.38,-2.13
-0.82,-1.63,1.47,-9.65,0.38,-2.12
-0.79,-1.56,1.49,-9.63,0.39,-2.12
-0.79,-1.50,1.54,-9.62,0.39,-2.12
-0.76,-1.49,1.65,-9.60,0.40,-2.11
-0.77,-1.38,1.59,-9.59,0.41,-2.10
-0.80,-1.26,1.53,-9.58,0.39,-2.09
-0.87,-1.16,1.56,-9.58,0.37,-2.08
-0.88,-1.04,1.64,-9.58,0.33,-2.06
-0.81,-0.88,1.71,-9.58,0.27,-2.04
-0.73,-0.82,1.78,-9.59,0.23,-2.02
-0.62,-0.83,1.80,-9.59,0.20,-1.98
-0.49,-0.84,1.77,-9.59,0.18,-1.94
-0.27,-0.80,1.63,-9.59,0.16,-1.88
-0.17,-0.74,1.58,-9.59,0.15,-1.83
-0.08,-0.63,1.54,-9.60,0.14,-1.78
0.01,-0.48,1.55,-9.61,0.12,-1.73
0.09,-0.23,1.61,-9.64,0.08,-1.67
0.17,-0.07,1.68,-9.66,0.05,-1.64
0.25,0.08,1.78,-9.68,0.03,-1.60
0.42,0.23,1.82,-9.70,0.01,-1.55
0.51,0.28,1.81,-9.72,0.01,-1.50
0.57,0.27,1.81,-9.75,0.02,-1.46
0.55,0.24,1.86,-9.77,0.03,-1.41
0.47,0.18,1.98,-9.80,0.04,-1.35
0.46,0.11,2.01,-9.82,0.04,-1.31
0.53,0.04,1.95,-9.85,0.03,-1.28
0.56,-0.05,1.93,-9.87,0.01,-1.25
0.58,-0.11,1.96,-9.91,-0.00,-1.21
0.59,-0.12,1.99,-9.93,-0.02,-1.18
0.58,-0.08,2.02,-9.95,-0.03,-1.16
0.57,-0.04,2.03,-9.97,-0.05,-1.13
0.54,0.01,2.08,-9.99,-0.08,-1.10
0.53,0.02,2.06,-10.01,-0.10,-1.07
0.50,0.03,2.05,-10.02,-0.13,-1.05
0.49,0.06,2.05,-10.03,-0.16,-1.03
0.45,0.06,2.04,-10.05,-0.20,-1.01
0.43,0.07,2.03,-10.06,-0.23,-1.00
0.40,0.08,2.01,-10.07,-0.25,-0.98
0.36,0.09,1.97,-10.08,-0.28,-0.97
0.30,0.08,1.92,-10.09,-0.32,-0.96
0.25,0.09,1.87,-10.10,-0.34,-0.96
0.21,0.10,1.85,-10.11,-0.37,-0.95
0.15,0.10,1.81,-10.11,-0.40,-0.95
0.09,0.09,1.73,-10.12,-0.43,-0.94
0.04,0.08,1.67,-10.13,-0.46,-0.94
0.01,0.08,1.60,-10.13,-0.48,-0.94
-0.03,0.10,1.54,-10.14,-0.51,-0.95
-0.06,0.10,1.47,-10.14,-0.54,-0.95
-0.10,0.13,1.40,-10.14,-0.56,-0.95
-0.13,0.14,1.34,-10.15,-0.57,-0.95
-0.12,0.15,1.27,-10.15,-0.59,-0.95
-0.12,0.16,1.21,-10.15,-0.60,-0.96
-0.08,0.18,1.16,-10.15,-0.60,-0.96
-0.05,0.21,1.09,-10.15,-0.60,-0.96
0.03,0.24,1.01,-10.15,-0.58,-0.96
0.05,0.28,0.97,-10.15,-0.57,-0.96
0.08,0.34,0.93,-10.15,-0.55,-0.97
0.09,0.39,0.89,-10.15,-0.52,-0.96
0.10,0.43,0.82,-10.15,-0.48,-0.96
0.10,0.46,0.78,-10.16,-0.45,-0.96
0.09,0.51,0.74,-10.16,-0.42,-0.95
0.10,0.55,0.72,-10.16,-0.40,-0.94
0.14,0.56,0.75,-10.16,-0.36,-0.93
0.16,0.60,0.70,-10.16,-0.32,-0.91
0.21,0.67,0.62,-10.17,-0.29,-0.90
0.20,0.70,0.59,-10.17,-0.27,-0.88
0.19,0.74,0.63,-10.17,-0.24,-0.86
0.19,0.77,0.64,-10.18,-0.22,-0.84
0.21,0.82,0.65,-10.18,-0.21,-0.82
0.22,0.85,0.64,-10.18,-0.20,-0.80
0.23,0.88,0.66,-10.19,-0.18,-0.77
0.26,0.88,0.65,-10.19,-0.17,-0.76
0.30,0.88,0.62,-10.20,-0.15,-0.74
0.35,0.87,0.62,-10.20,-0.14,-0.72
0.41,0.84,0.63,-10.20,-0.11,-0.70










-20.00,-6.13,-6.77,-9.99,1.22,3.41
-20.00,-6.18,-6.64,-9.77,0.79,2.97
-20.00,-6.19,-6.51,-9.56,0.39,2.54
-20.00,-6.22,-6.33,-9.36,0.03,2.11
-20.00,-6.26,-6.10,-9.13,-0.41,1.54
-20.00,-6.29,-5.86,-8.97,-0.69,1.13
-20.00,-6.35,-5.55,-8.83,-0.94,0.72
-20.00,-6.42,-5.22,-8.71,-1.18,0.33
-20.00,-6.52,-4.73,-8.58,-1.47,-0.17
-20.00,-6.65,-4.33,-8.50,-1.68,-0.52
-19.92,-6.87,-3.95,-8.43,-1.88,-0.85
-19.36,-7.13,-3.51,-8.36,-2.15,-1.25
-18.93,-7.27,-3.22,-8.32,-2.33,-1.54
-18.51,-7.40,-2.97,-8.29,-2.50,-1.80
-18.04,-7.61,-2.74,-8.27,-2.65,-2.04
-17.38,-7.82,-2.43,-8.27,-2.82,-2.33
-16.94,-7.87,-2.23,-8.27,-2.91,-2.52
-16.58,-7.78,-2.06,-8.28,-2.99,-2.70
-16.04,-7.73,-1.99,-8.29,-3.06,-2.86
-15.14,-7.69,-1.96,-8.32,-3.07,-3.04
-14.50,-7.67,-1.93,-8.35,-3.03,-3.16
-13.91,-7.60,-1.88,-8.39,-2.93,-3.25
-13.47,-7.49,-1.80,-8.44,-2.81,-3.33
-12.94,-7.38,-1.71,-8.52,-2.62,-3.43
-12.61,-7.32,-1.61,-8.58,-2.47,-3.48
-12.33,-7.30,-1.53,-8.66,-2.30,-3.53
-11.99,-7.33,-1.45,-8.74,-2.14,-3.57
-11.54,-7.41,-1.34,-8.87,-1.90,-3.61
-11.28,-7.49,-1.28,-8.97,-1.71,-3.63
-11.10,-7.57,-1.21,-9.07,-1.52,-3.65
-10.92,-7.66,-1.11,-9.18,-1.35,-3.66
-10.78,-7.84,-0.99,-9.32,-1.13,-3.67
-10.72,-7.99,-0.93,-9.42,-0.99,-3.68
-10.68,-8.20,-0.91,-9.52,-0.88,-3.69
-10.64,-8.42,-0.89,-9.60,-0.79,-3.69
-10.58,-8.76,-0.88,-9.69,-0.71,-3.69
-10.50,-9.01,-0.91,-9.75,-0.68,-3.68
-10.41,-9.24,-0.99,-9.80,-0.66,-3.67
-10.29,-9.43,-1.07,-9.83,-0.66,-3.66
-10.09,-9.63,-1.18,-9.86,-0.66,-3.64
-9.92,-9.77,-1.27,-9.87,-0.66,-3.62
-9.77,-9.90,-1.37,-9.88,-0.66,-3.60
-9.63,-9.99,-1.46,-9.88,-0.66,-3.57
-9.50,-10.08,-1.58,-9.87,-0.65,-3.54
-9.42,-10.11,-1.61,-9.86,-0.65,-3.51
-9.36,-10.11,-1.63,-9.85,-0.64,-3.48
-9.30,-10.12,-1.63,-9.82,-0.64,-3.44
-9.28,-10.13,-1.62,-9.80,-0.63,-3.41
-9.24,-10.14,-1.61,-9.77,-0.63,-3.37
-9.22,-10.16,-1.59,-9.75,-0.62,-3.34
-9.19,-10.22,-1.57,-9.71,-0.61,-3.30
-9.18,-10.25,-1.55,-9.68,-0.60,-3.27
-9.17,-10.25,-1.52,-9.65,-0.60,-3.24
-9.16,-10.22,-1.48,-9.63,-0.59,-3.22
-9.15,-10.14,-1.40,-9.59,-0.57,-3.19
-9.13,-10.07,-1.33,-9.57,-0.56,-3.18
-9.13,-9.97,-1.27,-9.56,-0.55,-3.18
-9.12,-9.88,-1.21,-9.55,-0.54,-3.18
-9.09,-9.77,-1.17,-9.54,-0.52,-3.19
-9.06,-9.69,-1.13,-9.54,-0.51,-3.21
-9.00,-9.62,-1.10,-9.54,-0.50,-3.24
-8.92,-9.57,-1.09,-9.55,-0.49,-3.28
-8.83,-9.52,-1.07,-9.57,-0.48,-3.35
-8.72,-9.50,-1.07,-9.58,-0.47,-3.40
-8.61,-9.50,-1.07,-9.59,-0.47,-3.47
-8.47,-9.52,-1.08,-9.60,-0.47,-3.54
-8.29,-9.57,-1.12,-9.61,-0.48,-3.64
-8.16,-9.60,-1.13,-9.62,-0.48,-3.73
-8.05,-9.60,-1.14,-9.62,-0.49,-3.82
-7.97,-9.55,-1.14,-9.62,-0.51,-3.91
-7.81,-9.52,-1.08,-9.61,-0.53,-4.04
-7.71,-9.50,-1.09,-9.61,-0.55,-4.14
-7.63,-9.49,-1.12,-9.60,-0.58,-4.24
-7.55,-9.46,-1.12,-9.59,-0.60,-4.34
-7.43,-9.40,-1.10,-9.57,-0.63,-4.46
-7.34,-9.35,-1.12,-9.56,-0.65,-4.55
-7.25,-9.30,-1.10,-9.54,-0.67,-4.64
-7.10,-9.20,-1.11,-9.51,-0.68,-4.75
-6.97,-9.12,-1.12,-9.49,-0.69,-4.82
-6.86,-9.01,-1.12,-9.47,-0.69,-4.89
-6.71,-8.90,-1.12,-9.46,-0.68,-4.96
-6.43,-8.67,-1.26,-9.43,-0.64,-5.03
-6.31,-8.51,-1.20,-9.41,-0.59,-5.08
-6.16,-8.36,-1.22,-9.40,-0.55,-5.12
-6.02,-8.22,-1.23,-9.38,-0.49,-5.15
-5.92,-8.05,-1.16,-9.36,-0.41,-5.19
-5.81,-7.95,-1.10,-9.34,-0.36,-5.21
-5.73,-7.86,-1.06,-9.33,-0.30,-5.23
-5.63,-7.78,-1.03,-9.31,-0.25,-5.25
-5.54,-7.67,-0.94,-9.29,-0.18,-5.27
-5.45,-7.58,-0.90,-9.27,-0.14,-5.28
-5.33,-7.50,-0.85,-9.25,-0.10,-5.29
-5.20,-7.38,-0.84,-9.23,-0.07,-5.30
-4.99,-7.20,-0.84,-9.21,-0.03,-5.31
-4.77,-7.06,-0.82,-9.20,-0.00,-5.32
-4.56,-6.94,-0.82,-9.19,0.03,-5.33
-4.34,-6.82,-0.85,-9.18,0.07,-5.34
-4.11,-6.67,-0.88,-9.17,0.12,-5.35
-3.96,-6.55,-0.86,-9.16,0.15,-5.36
-3.82,-6.43,-0.84,-9.15,0.18,-5.36










3.22,1.07,1.31,-10.38,0.24,-0.12
3.63,1.18,1.35,-10.40,0.20,-0.05
4.06,1.30,1.41,-10.42,0.16,0.03
4.52,1.44,1.44,-10.44,0.13,0.13
5.12,1.66,1.49,-10.47,0.10,0.30
5.38,1.94,1.51,-10.49,0.07,0.44
5.44,2.29,1.68,-10.52,0.03,0.61
5.98,2.43,1.82,-10.55,-0.02,0.80
6.83,2.49,1.67,-10.59,-0.06,1.06
7.37,2.47,1.49,-10.63,-0.07,1.27
7.79,2.48,1.41,-10.67,-0.05,1.51
8.12,2.56,1.37,-10.70,-0.01,1.76
8.42,2.71,1.29,-10.75,0.06,2.14
8.56,2.84,1.27,-10.78,0.12,2.44
8.66,2.95,1.24,-10.82,0.19,2.75
8.74,3.03,1.21,-10.86,0.26,3.05
8.80,3.15,1.15,-10.92,0.38,3.46
8.76,3.25,1.16,-10.97,0.47,3.76
8.66,3.33,1.18,-11.03,0.57,4.05
8.46,3.36,1.22,-11.09,0.67,4.33
8.03,3.34,1.32,-11.19,0.78,4.70
7.65,3.24,1.41,-11.26,0.85,4.96
7.21,3.10,1.51,-11.34,0.88,5.21
6.77,2.93,1.60,-11.42,0.90,5.47
6.29,2.74,1.72,-11.52,0.90,5.78
5.89,2.60,1.86,-11.59,0.90,6.02
5.36,2.44,2.04,-11.66,0.88,6.24
4.73,2.25,2.26,-11.72,0.83,6.46
3.81,1.97,2.54,-11.80,0.72,6.75
3.13,1.73,2.72,-11.85,0.59,6.97
2.40,1.47,2.84,-11.89,0.43,7.18
1.73,1.17,2.93,-11.94,0.24,7.39
1.03,0.83,3.02,-11.99,-0.05,7.67
0.59,0.65,3.05,-12.03,-0.27,7.87
0.23,0.52,2.99,-12.06,-0.47,8.06
-0.16,0.39,2.82,-12.10,-0.71,8.30
-0.48,0.28,2.67,-12.14,-0.86,8.45
-0.82,0.14,2.50,-12.18,-0.98,8.45
-1.23,0.00,2.34,-12.21,-1.08,8.45
-1.79,-0.11,2.12,-12.27,-1.17,8.45
-2.29,-0.14,1.94,-12.32,-1.23,8.45
-2.79,-0.13,1.73,-12.36,-1.26,8.45
-3.28,-0.09,1.56,-12.42,-1.29,8.45
-3.88,-0.03,1.32,-12.50,-1.31,8.45
-4.34,0.04,1.19,-12.56,-1.30,8.45
-4.78,0.09,1.02,-12.62,-1.29,8.45
-5.24,0.12,0.80,-12.69,-1.26,8.45
-5.89,0.10,0.48,-12.78,-1.22,8.45
-6.34,0.02,0.22,-12.85,-1.19,8.45
-6.74,-0.12,-0.05,-12.92,-1.14,8.45
-7.13,-0.28,-0.34,-12.99,-1.09,8.45
-7.63,-0.52,-0.70,-13.08,-1.00,8.45
-7.99,-0.70,-0.97,-13.14,-0.91,8.45
-8.38,-0.90,-1.24,-13.20,-0.82,8.45
-8.78,-1.08,-1.49,-13.24,-0.71,8.45
-9.35,-1.31,-1.81,-13.29,-0.56,8.45
-9.79,-1.49,-2.04,-13.31,-0.44,8.45
-10.21,-1.67,-2.26,-13.32,-0.31,8.45
-10.66,-1.81,-2.48,-13.32,-0.19,8.45
-11.30,-2.02,-2.83,-13.30,-0.02,8.45
-11.74,-2.20,-3.12,-13.27,0.11,8.45
-12.14,-2.37,-3.40,-13.24,0.24,8.45
-12.49,-2.56,-3.72,-13.19,0.38,8.45
-12.80,-2.87,-4.27,-13.10,0.59,8.45
-13.08,-3.11,-4.78,-13.02,0.79,8.45
-13.45,-3.39,-5.25,-12.93,1.03,8.45
-14.06,-3.85,-5.86,-12.79,1.37,8.45
-14.34,-4.29,-6.30,-12.67,1.65,8.41
-14.53,-4.81,-6.79,-12.55,1.94,8.09
-15.01,-5.28,-7.28,-12.42,2.26,7.74
-15.79,-5.88,-7.74,-12.21,2.70,7.24
-16.42,-6.32,-7.93,-12.03,3.02,6.84
-17.22,-6.68,-7.97,-11.83,3.32,6.43
-18.12,-6.92,-8.00,-11.62,3.56,6.01
-19.31,-7.23,-7.70,-11.32,3.75,5.44
-20.00,-7.38,-7.32,-11.10,3.77,5.00
-20.00,-7.40,-6.90,-10.87,3.69,4.56
-20.00,-7.40,-6.44,-10.64,3.51,4.13
-20.00,-7.34,-5.86,-10.34,3.14,3.54
-20.00,-7.28,-5.44,-10.13,2.79,3.10
-20.00,-7.27,-5.08,-9.91,2.38,2.66
-20.00,-7.22,-4.83,-9.71,1.96,2.22
-20.00,-7.17,-4.60,-9.47,1.38,1.64
-20.00,-7.16,-4.50,-9.29,0.97,1.20
-20.00,-7.16,-4.41,-9.14,0.58,0.77
-20.00,-7.14,-4.31,-9.00,0.23,0.34
-20.00,-7.09,-4.16,-8.84,-0.18,-0.22
-20.00,-7.06,-4.01,-8.73,-0.44,-0.63
-20.00,-7.08,-3.81,-8.65,-0.67,-1.02
-19.73,-7.09,-3.59,-8.57,-0.87,-1.39
-19.11,-7.12,-3.25,-8.49,-1.12,-1.86
-18.63,-7.14,-2.99,-8.45,-1.29,-2.19
-18.16,-7.17,-2.73,-8.41,-1.45,-2.51
-17.70,-7.18,-2.52,-8.39,-1.60,-2.80
-17.07,-7.23,-2.28,-8.37,-1.78,-3.16
-16.54,-7.27,-2.13,-8.37,-1.89,-3.42
-16.02,-7.30,-2.04,-8.37,-1.99,-3.65
-15.52,-7.30,-1.98,-8.38,-2.06,-3.88
-14.88,-7.30,-1.88,-8.40,-2.12,-4.16
-14.40,-7.29,-1.82,-8.43,-2.13,-4.35










3.18,1.77,1.44,-10.28,0.31,-0.10
3.63,1.85,1.51,-10.30,0.31,-0.04
4.14,1.96,1.54,-10.32,0.32,0.03
4.68,2.09,1.54,-10.35,0.34,0.12
5.44,2.33,1.55,-10.39,0.37,0.27
5.89,2.59,1.56,-10.43,0.41,0.41
5.86,3.08,1.68,-10.47,0.43,0.58
6.41,3.30,1.86,-10.52,0.44,0.77
7.36,3.50,1.84,-10.58,0.48,1.03
8.11,3.52,1.72,-10.64,0.53,1.25
8.73,3.55,1.62,-10.70,0.61,1.48
9.20,3.63,1.56,-10.76,0.71,1.74
9.71,3.87,1.60,-10.84,0.86,2.11
10.06,4.07,1.61,-10.90,0.98,2.41
10.35,4.27,1.61,-10.96,1.10,2.72
10.56,4.48,1.66,-11.02,1.23,3.04
10.79,4.71,1.70,-11.10,1.39,3.47
10.89,4.84,1.77,-11.17,1.50,3.80
10.87,4.95,1.89,-11.24,1.61,4.12
10.71,5.01,2.06,-11.32,1.70,4.45
10.25,4.99,2.34,-11.42,1.78,4.88
9.77,4.94,2.56,-11.50,1.80,5.20
9.21,4.84,2.78,-11.59,1.79,5.52
8.57,4.70,3.02,-11.67,1.75,5.84
7.50,4.47,3.40,-11.78,1.63,6.26
6.61,4.27,3.71,-11.87,1.50,6.55
5.65,4.05,3.95,-11.95,1.32,6.84
4.74,3.71,4.12,-12.04,1.09,7.11
3.57,3.15,4.37,-12.14,0.75,7.44
2.73,2.71,4.53,-12.21,0.47,7.68
1.98,2.26,4.61,-12.27,0.17,7.90
1.18,1.74,4.63,-12.34,-0.24,8.17
0.71,1.41,4.58,-12.37,-0.54,8.37
0.38,1.13,4.46,-12.40,-0.82,8.45
0.16,0.96,4.28,-12.43,-1.07,8.45
-0.07,0.79,3.97,-12.46,-1.34,8.45
-0.29,0.72,3.73,-12.48,-1.50,8.45
-0.61,0.72,3.50,-12.51,-1.62,8.45
-0.98,0.75,3.25,-12.55,-1.72,8.45
-1.51,0.88,2.88,-12.61,-1.82,8.45
-1.98,1.03,2.59,-12.67,-1.88,8.45
-2.46,1.23,2.35,-12.74,-1.94,8.45
-2.95,1.45,2.10,-12.82,-1.98,8.45
-3.60,1.69,1.79,-12.93,-2.03,8.45
-4.07,1.83,1.58,-13.01,-2.04,8.45
-4.52,1.96,1.38,-13.09,-2.05,8.45
-4.98,2.02,1.18,-13.18,-2.04,8.45
-5.67,1.96,0.88,-13.28,-2.01,8.45
-6.17,1.82,0.57,-13.36,-1.99,8.45
-6.69,1.61,0.26,-13.43,-1.96,8.45
-7.20,1.34,-0.06,-13.50,-1.92,8.45
-7.84,0.93,-0.52,-13.57,-1.85,8.45
-8.31,0.64,-0.87,-13.60,-1.78,8.45
-8.71,0.35,-1.19,-13.63,-1.71,8.45
-9.11,0.06,-1.50,-13.64,-1.62,8.45
-9.71,-0.29,-1.87,-13.64,-1.48,8.45
-10.17,-0.51,-2.14,-13.62,-1.36,8.45
-10.68,-0.70,-2.43,-13.60,-1.24,8.45
-11.21,-0.83,-2.69,-13.56,-1.11,8.45
-11.90,-0.99,-3.06,-13.50,-0.94,8.45
-12.21,-1.12,-3.39,-13.44,-0.79,8.45
-12.24,-1.26,-3.91,-13.37,-0.61,8.45
-11.76,-1.40,-4.86,-13.30,-0.32,8.45
-12.03,-1.61,-6.08,-13.22,0.25,8.45
-13.20,-1.79,-6.20,-13.17,0.69,8.45
-13.79,-2.05,-6.23,-13.11,1.08,8.45
-14.57,-2.39,-6.90,-12.99,1.58,8.45
-15.35,-2.72,-7.33,-12.87,2.00,8.45
-16.13,-3.13,-7.53,-12.73,2.40,8.45
-16.72,-3.55,-7.89,-12.56,2.79,8.22
-17.84,-4.07,-8.43,-12.30,3.28,7.69
-18.81,-4.44,-8.67,-12.09,3.58,7.27
-19.84,-4.75,-8.63,-11.87,3.81,6.83
-20.00,-5.01,-8.46,-11.65,3.92,6.37
-20.00,-5.21,-8.02,-11.33,3.91,5.74
-20.00,-5.31,-7.61,-11.08,3.78,5.26
-20.00,-5.40,-7.21,-10.83,3.55,4.77
-20.00,-5.51,-6.86,-10.58,3.24,4.27
-20.00,-5.67,-6.42,-10.23,2.73,3.59
-20.00,-5.77,-6.14,-9.98,2.30,3.08
-20.00,-5.86,-5.92,-9.73,1.84,2.57
-20.00,-5.90,-5.73,-9.49,1.38,2.06
-20.00,-5.93,-5.52,-9.19,0.78,1.39
-20.00,-5.89,-5.38,-8.98,0.36,0.88
-20.00,-5.81,-5.21,-8.78,-0.02,0.39
-20.00,-5.69,-5.04,-8.61,-0.35,-0.09
-20.00,-5.46,-4.70,-8.41,-0.74,-0.71
-20.00,-5.30,-4.40,-8.29,-0.98,-1.15
-20.00,-5.20,-4.10,-8.19,-1.18,-1.57
-20.00,-5.20,-3.77,-8.12,-1.36,-1.97
-20.00,-5.26,-3.36,-8.04,-1.54,-2.47
-19.57,-5.35,-3.06,-8.00,-1.65,-2.82
-18.99,-5.46,-2.76,-7.98,-1.74,-3.15
-18.41,-5.55,-2.50,-7.97,-1.81,-3.45
-17.60,-5.65,-2.18,-7.97,-1.87,-3.83
-17.03,-5.73,-1.96,-7.99,-1.89,-4.08
-16.49,-5.80,-1.74,-8.01,-1.90,-4.32
-15.97,-5.86,-1.57,-8.04,-1.90,-4.54
-15.26,-5.98,-1.37,-8.09,-1.88,-4.81
-14.76,-6.06,-1.23,-8.13,-1.85,-4.99
